"Table with row headers in column A and column headers in rows 5 and 6, and 60 and 61",,,,,,,,,,,,,,,,,,,,,,,,,,,,,,,,,,,,,,,,,,,,,,,,,,,,,,,,,,,,,,,,,,,,
Table H-8.  Median Household Income by State: 1984 to 2016,,,,,,,,,,,,,,,,,,,,,,,,,,,,,,,,,,,,,,,,,,,,,,,,,,,,,,,,,,,,,,,,,,,,
"(Households as of March of the following year.  Income in current and 2016. CPI-U-RS adjusted dollars. (28)  Beginning in 2010, standard errors were calculated using replicate weights)",,,,,,,,,,,,,,,,,,,,,,,,,,,,,,,,,,,,,,,,,,,,,,,,,,,,,,,,,,,,,,,,,,,,
CURRENT DOLLARS,,,,,,,,,,,,,,,,,,,,,,,,,,,,,,,,,,,,,,,,,,,,,,,,,,,,,,,,,,,,,,,,,,,,
State,2016,,2015,,2014,,2013 (39),,2013 (38),,2012,,2011,,2010 (37),,2009 (36),,2008,,2007,,2006,,2005,,2004(revised),,2003,,2002,,2001,,2000 (30),,1999 (29),,1998,,1997,,1996,,1995 (25),,1994 (24),,1993 (23),,1992 (22),,1991,,1990,,1989,,1988,,1987 (21),,1986,,1985 (20),,1984 (19),
,"Median
income","Standard
error","Median
income","Standard
error","Median
income","Standard
error","Median
income","Standard
error","Median
income","Standard
error","Median
income","Standard
error","Median
income","Standard
error","Median
income","Standard
error","Median
income","Standard
error","Median
income","Standard
error","Median
income","Standard
error","Median
income","Standard
error","Median
income","Standard
error","Median
income","Standard
error","Median
income","Standard
error","Median
income","Standard
error","Median
income","Standard
error","Median
income","Standard
error","Median
income","Standard
error","Median
income","Standard
error","Median
income","Standard
error","Median
income","Standard
error","Median
income","Standard
error","Median
income","Standard
error","Median
income","Standard
error","Median
income","Standard
error","Median
income","Standard
error","Median
income","Standard
error","Median
income","Standard
error","Median
income","Standard
error","Median
income","Standard
error","Median
income","Standard
error","Median
income","Standard
error","Median
income","Standard
error"
United States,"59,039",436,"56,516",321,"53,657",392,"53,585",654,"51,939",276,"51,017",209,"50,054",251,"49,276",325,"49,777",213,"50,303",137,"50,233",140,"48,201",207,"46,326",155,"44,334",196,"43,318",188,"42,409",139,"42,228",129,"41,990",132,"40,696",190,"38,885",230,"37,005",171,"35,492",179,"34,076",197,"32,264",147,"31,241",146,"30,636",145,"30,126",144,"29,943",153,"28,906",159,"27,225",139,"26,061",127,"24,897",129,"23,618",128,"22,415",102
Alabama,"47,221","2,301","44,509","3,419","42,278","1,529","47,320","5,511","41,381","2,315","43,464","2,529","42,590","2,021","40,933","2,396","39,980",904,"44,476","1,659","42,212","1,420","37,952","1,014","37,150","1,215","36,629","1,303","37,255","1,580","37,603","1,062","35,160","1,006","35,424","1,072","36,251","1,189","36,266","1,307","31,939","1,607","30,302","1,258","25,991","1,266","27,196","1,559","25,082","1,088","25,808","1,058","24,346","1,068","23,357","1,037","21,284","1,070","19,948",912,"19,734","1,147","19,132",885,"18,333",760,"17,310",605
Alaska,"75,723","4,086","75,112","3,485","67,629","3,153","72,472","5,446","61,137","3,301","63,648","2,839","57,431","3,710","57,848","2,390","61,604","1,751","63,989","2,302","62,993","1,583","56,418","1,495","55,891","1,331","55,063","2,071","51,837",981,"52,774","1,073","57,363","2,012","52,847","1,159","51,396","2,226","50,692","2,124","47,994","1,258","52,779","1,907","47,954","2,008","45,367","1,494","42,931","1,643","41,802","1,156","40,612","1,822","39,298","1,627","36,006","1,378","33,103","1,183","33,233","1,497","31,356","1,017","34,782","1,089","32,356","1,473"
Arizona,"57,100","1,971","52,248","2,008","49,254","2,304","52,611","4,365","50,602","4,831","47,044","2,922","48,621","2,424","46,896","2,227","45,739","1,241","46,914","1,125","47,215","1,555","46,657","1,246","45,245","1,271","43,846","1,143","41,166","1,422","39,734","1,003","42,704","1,441","39,783","1,210","36,995","1,133","37,090","1,255","32,740","1,297","31,637","1,274","30,863","1,360","31,293",773,"30,510","1,120","29,358","1,088","30,737",897,"29,224","1,141","28,552","1,210","26,435",843,"26,749",892,"25,500",718,"23,877",744,"21,425",609
Arkansas,"45,907","2,165","42,798","1,572","44,922","2,546","39,376","2,402","39,919","2,389","39,018","2,812","41,302","1,849","38,587","2,464","36,538",909,"39,586","1,194","40,795","1,348","37,057",767,"36,658","1,309","34,984",994,"32,002",776,"32,387",778,"33,339","1,144","29,697",772,"29,682","1,026","27,665","1,160","26,162","1,154","27,123",978,"25,814",999,"25,565",944,"23,039",847,"23,882","1,398","23,435",783,"22,786",981,"21,433",915,"20,172",706,"18,827","1,008","18,730",765,"17,451",764,"15,674",748
California,"66,637","1,075","63,636","1,711","60,487",894,"60,794","1,811","57,528","1,223","57,020","1,238","53,367","1,378","54,283","1,182","56,134",619,"57,014",829,"55,734",618,"55,319",695,"51,755",460,"49,222",660,"49,300",819,"47,437",766,"47,262",727,"46,816",686,"43,629",703,"40,934",577,"39,694",864,"38,812",818,"37,009",723,"35,331",619,"34,073",651,"34,903",629,"33,664",685,"33,290",565,"33,009",618,"30,287",634,"30,146",538,"29,010",570,"26,981",350,"25,287",364
Colorado,"70,566","4,125","66,596","3,682","60,940","2,414","67,912","4,129","63,371","2,800","57,255","2,708","58,629","2,553","60,233","2,481","55,930","1,595","60,943","1,898","61,141","1,014","55,697","1,524","50,449","1,287","50,886","1,590","49,940","1,158","48,294","1,464","49,397","1,190","48,240","1,237","48,177","1,483","46,599","1,086","43,233","1,944","40,950","1,329","40,706","1,552","37,833","1,446","34,488","1,569","32,484","1,471","31,499","1,245","30,733",906,"26,806","1,398","26,214","1,285","26,476","1,075","27,192",926,"28,182",850,"25,801",805
Connecticut,"75,923","3,404","72,889","4,449","70,161","2,665","69,291","3,238","67,781","2,547","64,247","2,853","65,415","3,014","65,998","2,095","64,851","2,308","64,682","2,701","64,141","2,049","62,404","2,162","56,835","1,633","55,100","1,648","54,965","1,561","53,387","1,370","53,347","1,240","50,172","1,357","50,593","2,296","46,508","2,728","43,985","1,989","42,119","3,087","40,243","2,269","41,097","1,595","39,516","1,660","40,841","1,972","42,154","1,944","38,870","2,097","42,321","1,592","36,213","1,293","32,862","1,362","32,721","1,605","31,090","1,129","29,951","1,238"
Delaware,"58,046","2,992","57,756","3,392","57,522","2,970","54,091","4,350","52,219","2,486","48,972","1,976","54,660","1,745","55,214","2,255","52,114","1,781","50,702","1,388","54,589","2,159","52,438","1,730","51,235","1,076","48,049","1,421","49,019","1,378","49,650","1,685","49,602","1,468","50,365","1,508","46,628","2,281","41,458","1,753","43,033","2,062","39,309","1,402","34,928","1,848","35,873","1,191","36,064",849,"35,678","1,393","32,585","1,111","30,804","1,113","32,068","1,133","30,505","1,167","29,244",875,"25,626","1,212","22,980","1,366","25,819","1,027"
D.C.,"70,982","2,734","70,071","2,861","68,277","4,402","60,057","5,529","60,675","3,082","65,246","3,671","55,251","2,109","56,928","3,333","53,141","2,088","55,590","1,763","50,783","1,097","48,477","1,679","44,993","2,167","43,451","1,864","45,044","1,418","39,070",995,"41,169","1,023","41,222","1,072","38,670","1,599","33,433","1,311","31,860",984,"31,966","1,578","30,748","1,182","30,116","1,107","27,304","1,726","30,247","1,124","29,885","1,903","27,392","1,562","26,752","1,015","26,741",748,"27,455","1,285","24,322","1,252","21,076",756,"20,408",860
Florida,"51,176",835,"48,825","1,395","46,140",950,"48,532","2,815","47,886","1,573","46,071","1,110","45,105","1,138","44,066","1,544","45,631",706,"44,857",858,"45,794",570,"45,676",629,"42,990",810,"40,535",632,"38,972",759,"38,024",828,"36,421",417,"38,856",743,"35,831",627,"34,909",767,"32,455",583,"30,641",513,"29,745",612,"29,294",632,"28,550",707,"27,349",526,"27,252",475,"26,685",454,"26,085",475,"25,406",475,"24,489",476,"22,849",540,"21,343",437,"19,785",468
Georgia,"53,527","1,679","50,768","1,401","49,555","2,009","46,992","4,236","47,439","1,959","48,121","1,504","45,973","2,483","44,117","1,822","43,340","1,256","46,227","1,164","48,641","1,078","49,344","1,210","45,926",838,"40,984",618,"42,438",979,"42,939","1,107","42,576","1,073","41,901",831,"39,425","1,355","38,665","1,179","36,663",916,"32,496","1,666","34,099",897,"31,467","1,238","31,663","1,254","28,797","1,228","27,212","1,088","27,561","1,186","27,542","1,021","26,566",896,"26,714","1,380","24,370","1,112","21,049",788,"19,984",815
Hawaii,"72,133","2,510","64,514","2,840","71,223","2,676","64,235","3,918","61,408","2,207","56,263","2,255","59,047","2,531","59,539","2,731","55,649","2,023","61,521","1,481","64,022","2,125","60,470","1,571","59,586","1,212","56,242","1,690","51,834","1,332","47,303","1,371","47,439","1,256","51,546","1,193","44,504","1,832","40,827","2,369","40,934","1,399","41,772","1,893","42,851","1,292","42,255","2,423","42,662","1,759","42,113","1,435","37,246","1,630","38,921","1,414","35,035","1,328","33,024","1,482","35,022","1,074","29,003","1,206","28,961","1,446","28,877","1,216"
Idaho,"56,564","1,261","51,624","1,260","53,438","2,572","48,467","5,484","51,767","3,656","47,922","3,173","47,459","3,488","47,050","1,869","46,778","1,264","47,420","1,681","49,184","1,291","46,213","1,312","44,176","1,254","44,358","1,387","42,372",982,"37,715","1,121","38,241",966,"37,611","1,192","35,800","1,413","36,680","1,090","33,404","1,339","34,709","1,341","32,676","1,116","31,536","1,278","31,010","1,323","27,704",874,"26,116","1,029","25,305",975,"24,654",953,"23,450","1,004","20,755",834,"20,749",680,"20,761",598,"21,092",963
Illinois,"61,386","1,761","60,413","1,999","54,916","1,625","53,937","3,287","57,196","1,744","51,738","1,328","50,637","1,374","50,728","1,474","52,870",941,"53,254","1,325","52,506",950,"48,671","1,167","48,398",986,"46,077",823,"45,153","1,072","42,710",856,"46,171",879,"46,064",966,"46,330","1,028","43,178","1,234","41,283",782,"39,554","1,107","38,071",875,"35,081",799,"32,857",810,"31,551",752,"31,884",714,"32,542",724,"31,300",623,"29,524",754,"27,084",536,"26,511",634,"24,870",523,"23,752",567
Indiana,"56,094","2,877","51,983","1,682","48,060","1,943","49,455","4,508","50,553","3,220","46,158","1,787","44,445","2,309","46,139","2,573","44,305","1,085","46,520","1,185","47,453","1,255","45,407","1,236","42,437","1,100","42,329","1,151","42,425",959,"41,047",748,"40,379",948,"40,865",679,"40,838","1,719","39,731","1,589","38,889","1,183","35,147","1,298","33,385","1,444","27,858","1,032","29,475","1,361","28,530","1,315","27,089",922,"26,928","1,099","25,898","1,022","26,293",931,"22,519",944,"22,728",709,"22,675",626,"22,770",710
Iowa,"59,094","2,484","60,855","3,275","57,810","3,425","60,156","6,134","54,855","1,967","53,442","2,138","50,219","1,974","49,016","1,342","50,721","1,535","50,142","1,293","48,908","1,451","48,126","1,491","46,500","1,339","43,391","1,521","41,384",884,"41,049","1,152","40,976","1,133","40,991",811,"41,098","1,130","37,019","1,202","33,783","1,282","33,209","1,527","35,519",942,"33,079","1,280","28,663","1,240","28,743",972,"28,553","1,012","27,288",986,"26,265",792,"24,305","1,078","22,190",912,"22,459",750,"20,927",604,"19,863",745
Kansas,"56,810","3,268","54,865","3,731","53,444","2,863","47,820","4,496","51,485","1,498","50,003","1,812","46,147","1,950","46,054","1,816","44,717","1,788","47,877","1,410","48,497","1,805","45,552","1,252","42,027",985,"41,066","1,749","44,232","1,326","42,619","1,047","41,415","1,115","41,059","1,168","37,348","2,078","36,711","1,617","36,471","1,614","32,585","1,460","30,341",921,"28,322","1,064","29,770","1,144","30,346","1,137","29,295",934,"29,917","1,179","26,862",908,"25,566","1,153","25,583",900,"23,926",782,"22,788","1,033","24,629",912
Kentucky,"45,369","2,005","42,387","2,269","42,786","1,580","44,879","3,924","42,158","1,874","41,086","1,900","39,856","1,847","41,104","2,823","42,664","1,313","41,148",812,"39,452","1,211","39,485","1,051","36,699",898,"35,610","1,218","36,936",857,"36,762",874,"38,437","1,009","36,265",848,"33,738","1,484","36,252","1,511","33,452","1,659","32,413","1,439","29,810","1,149","26,595","1,028","24,376","1,091","23,485","1,259","23,764","1,046","24,780","1,213","23,283","1,206","19,907",801,"20,673",939,"19,874","1,006","17,361",748,"17,680","1,079"
Louisiana,"42,196","1,197","45,922","2,140","42,406","1,862","46,425","2,543","39,622","2,857","39,085","1,611","40,658","1,929","39,300","3,248","45,433","1,813","39,563","1,486","41,313",937,"36,488","1,425","37,236","1,297","36,429","1,243","33,507","1,103","34,008","1,258","33,322","1,195","30,718",828,"32,654","1,244","31,735","1,660","33,260","1,551","30,262","1,290","27,949","1,090","25,676","1,501","26,312","1,164","25,439","1,142","25,299","1,156","22,405","1,580","22,861","1,857","20,497","1,474","21,349",858,"20,890",956,"21,179",728,"18,949",880
Maine,"50,856","3,346","50,756","1,929","51,710","2,171","54,957","3,863","50,121","1,953","49,158","2,247","49,693","1,983","47,931","1,687","47,502","1,739","47,228","1,436","47,894","1,398","45,642","1,797","43,923","1,433","41,329","1,223","37,113",945,"36,853",846,"36,612",952,"37,266",853,"38,862","1,319","35,640","1,049","32,772","1,301","34,696","1,211","33,858","1,088","30,316","1,537","27,438","1,203","29,617","1,026","27,868","1,253","27,464","1,572","28,221","1,389","26,402",942,"23,600","1,019","23,424",970,"20,519",803,"20,648",884
Maryland,"73,760","2,591","73,594","2,692","76,165","4,272","69,353","2,970","65,262","4,386","71,836","1,851","68,876","2,125","64,201","2,297","64,186","1,674","63,711","1,769","65,630","1,661","63,668","1,601","60,512","1,477","57,103","1,692","52,314","1,223","56,407","1,532","53,530","1,652","54,535","1,400","52,205","2,217","50,016","2,161","46,685","1,476","43,993","2,565","41,041","1,627","39,198","1,400","39,939","1,282","37,203","1,626","36,952","1,417","38,857","1,596","36,016","1,187","36,552","1,196","34,970","1,388","30,604","1,036","30,136",966,"29,708","1,151"
Massachusetts,"72,266","2,911","67,861","2,790","63,151","2,662","62,529","5,303","62,963","3,456","63,656","3,773","63,313","3,226","60,934","2,193","59,373","1,749","60,320","1,674","58,463","2,231","55,330","2,079","56,017","1,754","52,019","1,667","50,955",953,"49,855","1,153","52,253","1,518","46,753","1,357","44,005","2,023","42,345","1,961","42,023","1,383","39,494","1,932","38,574","1,475","40,500","1,060","37,064",949,"36,359",738,"35,714",790,"36,247",828,"36,086",704,"33,213",839,"32,241",716,"30,339",735,"28,207",810,"26,959",693
Michigan,"57,091","1,908","54,203","2,005","52,005","1,199","56,567","1,587","48,801","2,229","50,015","1,515","48,879","1,844","46,276","1,737","45,994","1,003","49,788","1,154","49,370",798,"48,647",966,"45,933",915,"42,256",858,"45,022",950,"42,715","1,115","45,047",868,"45,512","1,095","46,089","1,026","41,821",917,"38,742","1,108","39,225","1,143","36,426",994,"35,284",685,"32,662",682,"32,267",761,"32,117",689,"29,937",663,"30,775",790,"29,472",607,"27,702",724,"26,605",648,"24,242",838,"22,965",635
Minnesota,"70,218","4,045","68,730","3,063","67,244","3,207","64,324","3,992","60,907","1,843","61,795","1,339","57,820","2,380","52,321","1,606","56,090","1,237","54,925","1,427","58,058","1,888","56,211","1,218","54,215","1,244","56,104","1,070","52,823","1,228","54,622","1,196","52,681","1,134","54,251","1,703","47,038","1,527","47,926","2,115","42,564","1,510","40,991","1,225","37,933","1,848","33,644","1,360","33,682","1,212","30,981","1,297","29,479","1,146","31,465","1,028","30,185","1,278","29,087","1,041","28,082","1,113","26,443","1,150","23,856","1,022","24,436",914
Mississippi,"41,099","1,226","40,037","1,071","35,521","1,294","32,338","2,730","40,850","2,144","36,641","1,546","41,090","2,366","38,160","2,830","35,078","1,304","36,446",830,"37,279",951,"34,733","1,583","32,875","1,292","34,755","1,132","32,728","1,113","30,882",766,"30,161","1,186","34,299","1,354","32,478","1,408","29,120","1,158","28,499","1,386","26,677","1,316","26,538","1,028","25,400",752,"22,191","1,229","20,570","1,074","19,475","1,053","20,178",802,"19,917",947,"18,166",888,"18,513",901,"16,513",639,"16,413",619,"15,430",732
Missouri,"55,016","1,719","59,196","2,607","56,630","3,030","46,303","4,134","50,311","3,698","49,764","2,042","45,774","2,157","45,817","2,157","48,769","1,595","46,038","1,146","46,005","1,104","44,579","1,402","42,986",989,"42,137","1,073","43,762",875,"42,776","1,074","41,339","1,204","45,097","1,187","41,383","1,191","40,201","1,868","36,553","2,060","34,265","1,513","34,825","1,373","30,190","1,442","28,682","1,466","27,361","1,451","27,926","1,415","27,332","1,394","26,497",746,"23,443","1,088","23,720","1,167","21,925",772,"21,939",608,"20,775",715
Montana,"57,075","2,880","51,395","2,937","51,102","1,778","43,201","5,946","44,132","3,252","45,088","2,565","40,277","2,036","41,280","1,847","40,437","1,002","42,900","1,764","43,655","1,699","41,105",697,"37,313","1,161","33,956",709,"34,108","1,067","34,835","1,212","32,126",737,"32,777","1,001","31,038",966,"31,577","1,133","29,212","1,145","28,684","1,566","27,757","1,105","27,631","1,246","26,470",965,"26,525",728,"24,827",890,"23,375",983,"23,692","1,311","22,231",829,"20,474",799,"20,328",749,"20,236",800,"19,536",720
Nebraska,"59,374","2,678","60,474","2,937","56,870","2,254","57,623","4,217","53,774","1,815","52,196","2,699","55,616","2,693","52,504","1,761","49,595","1,657","50,728","1,254","49,174","1,379","48,145","1,490","47,923","1,447","43,786","1,332","43,974","1,306","42,796","1,038","43,611","1,116","41,750","1,018","38,626","1,366","36,413","1,549","34,692","1,528","34,014","1,500","32,929","1,155","31,794","1,116","31,008",833,"30,048","1,071","29,549","1,007","27,482","1,128","26,319","1,521","25,159",960,"23,268",761,"21,772",814,"21,799",914,"21,397",765
Nevada,"55,431","2,137","52,008","2,272","49,875","1,836","51,846","3,178","45,369","2,830","47,333","2,533","47,043","2,669","51,200","1,922","51,434","1,097","54,744","2,658","54,058","1,294","52,282","1,252","48,209","1,680","47,204","1,382","45,184","1,554","44,958","1,161","45,403","1,130","45,758","1,011","41,461","1,764","39,756","1,225","38,854","1,576","38,540","1,615","36,084","1,314","35,871","1,534","35,814","1,078","31,908",796,"32,937","1,564","32,023","1,179","29,340",948,"27,983",956,"26,878","1,128","26,217",895,"23,274","1,005","25,776","1,018"
New Hampshire,"76,260","2,913","75,675","3,519","73,397","3,253","69,099","3,967","71,322","3,261","67,819","2,224","65,880","1,652","66,633","1,651","64,131","1,856","66,176","3,204","67,576","1,846","61,970","1,479","56,984","2,026","56,815","1,324","55,567","1,304","55,321","1,289","51,331",719,"50,926","1,243","46,055","1,952","44,958","1,866","40,998","1,604","39,407","1,734","39,171","1,556","35,245","1,837","37,964","1,620","39,436","1,922","36,032","1,339","40,805","1,313","37,532","1,371","34,625","1,129","32,338","1,450","30,548",829,"26,403","1,074","25,914",735
New Jersey,"68,468","2,867","68,357","3,132","65,243","2,693","63,754","4,464","61,782","3,058","66,692","1,960","62,338","3,028","62,968","2,443","64,777","1,919","65,306","2,297","60,508","1,458","68,059","1,979","63,368","2,257","55,275","1,283","56,045","1,023","54,568","1,605","51,771",933,"50,405",991,"49,734","1,405","49,826","1,436","48,021","1,424","47,468","1,217","43,924","1,400","42,280","1,064","40,500",986,"39,000",841,"40,049","1,033","38,734",864,"39,120",948,"36,287",658,"34,241",794,"31,715",842,"30,980",643,"27,776",800
New Mexico,"48,451","2,961","45,119","2,885","46,686","3,312","40,166","4,408","42,127","2,670","43,424","2,267","41,982","2,154","45,134","3,016","43,542","1,494","42,102","1,381","44,356","1,474","40,028","1,257","38,947","1,700","39,562","1,584","35,105","1,142","35,457","1,061","33,124","1,238","35,093","1,248","32,574","1,746","31,543","1,398","30,086","1,157","25,086","1,091","25,991","1,100","26,905","1,382","26,758",853,"25,860","1,347","26,540","1,195","25,039","1,048","22,602","1,029","19,296",833,"20,758",621,"19,845",693,"20,423","1,025","20,630","1,029"
New York,"61,437","1,405","58,005","2,205","54,310","1,781","49,966","2,267","53,843","1,642","47,680","1,585","50,636","1,006","49,781","1,320","50,216",599,"50,461",682,"48,944",918,"48,222",989,"47,176",827,"44,649",792,"42,788",872,"41,966",580,"42,114",600,"40,744",581,"39,989",879,"37,394",777,"35,798",634,"35,410",746,"33,028",716,"31,899",477,"31,697",556,"31,051",529,"31,794",538,"31,591",511,"31,496",453,"28,915",668,"26,384",456,"25,025",474,"23,639",523,"22,027",417
North Carolina,"53,764","1,629","50,797","1,343","46,784","1,710","46,337","2,974","41,208","2,058","41,553","1,294","45,206","1,560","43,830","1,923","41,906",576,"42,930",846,"43,513","1,072","39,797",815,"42,056",964,"40,238",812,"37,279",941,"36,515",716,"38,162",951,"38,317",806,"37,254",960,"35,838","1,022","35,840",917,"35,601","1,008","31,979",888,"30,114",670,"28,820",653,"27,771",616,"26,853",510,"26,329",556,"26,406",517,"24,415",536,"22,760",542,"21,861",698,"21,451",585,"20,569",641
North Dakota,"60,184","2,290","57,415","3,233","60,730","3,138","59,152","3,451","52,888","2,863","55,766","2,123","56,361","2,960","51,006","2,311","50,075","1,738","49,631","1,188","47,205","1,280","41,047","1,405","42,192","1,221","39,220","1,251","40,410",852,"36,200",824,"35,793",804,"35,996","1,065","32,663","1,383","30,304","1,179","31,661","1,361","31,470","1,184","29,089","1,217","28,278","1,115","28,118",835,"26,959",901,"25,892",932,"25,264","1,003","25,229",903,"24,092","1,009","22,576",905,"21,508",785,"21,205",809,"20,771","1,038"
Ohio,"53,985","1,894","53,301","1,957","49,644","1,393","50,748","2,448","46,398","1,386","44,375","1,723","44,648","1,200","45,886","1,493","45,879",626,"46,934",848,"49,099","1,085","45,900",633,"44,203","1,046","43,055",977,"43,520",930,"42,684",777,"41,785",661,"42,962",732,"39,489",989,"38,925","1,576","36,134",894,"34,070","1,063","34,941",988,"31,855",584,"31,285",658,"31,404",587,"29,790",759,"30,013",720,"29,021",655,"27,740",636,"25,773",555,"25,115",588,"25,174",564,"23,123",492
Oklahoma,"50,943","1,652","47,077","1,937","47,199","2,775","46,162","3,442","43,777","4,085","48,407","2,821","48,455","2,395","43,103","2,073","45,878","1,139","46,111",931,"43,216","1,453","38,838","1,597","37,645","1,449","39,614","1,122","35,902",781,"36,458",613,"35,609",690,"32,432",709,"32,683","1,491","33,727","1,232","31,351","1,025","27,437","1,089","26,311",880,"26,991","1,213","26,260","1,492","25,284","1,075","25,462","1,079","24,384","1,044","23,667","1,236","23,667",756,"21,691",884,"20,948",871,"21,205",764,"21,148",718
Oregon,"59,135","2,622","60,834","2,374","58,875","2,998","48,999","2,887","56,307","2,022","51,775","2,330","51,526","1,607","50,602","1,505","49,098","1,644","51,727","1,374","50,236","1,357","47,091","1,396","44,159","1,391","40,994","1,051","41,638",965,"41,802",855,"41,273",752,"42,499",936,"40,619","1,252","39,067","1,927","37,247","1,788","35,492","1,274","36,374",970,"31,456","1,128","33,138","1,160","31,927","2,039","30,190","1,087","29,281",966,"28,529","1,435","27,748","1,150","25,038","1,092","24,773","1,002","21,894","1,042","21,399",745
Pennsylvania,"60,979","2,036","60,389","2,227","55,173","2,266","55,156","2,936","53,952","1,606","51,904","1,405","49,910","1,694","48,314","1,508","48,172",937,"51,402",589,"48,437",932,"48,477",869,"46,300",745,"44,106","1,039","42,933",778,"42,498",795,"43,499",723,"42,176",704,"37,758","1,141","39,015","1,080","37,517",964,"34,899",974,"34,524",683,"32,066",654,"30,995",694,"29,882",667,"30,367",614,"29,005",688,"28,690",684,"26,742",497,"25,424",541,"23,807",495,"22,877",538,"20,346",499
Rhode Island,"61,528","2,828","55,701","3,247","58,633","4,001","56,323","3,852","57,812","2,135","56,065","2,561","49,033","2,283","51,623","1,730","51,634","1,446","53,241","2,399","54,210","1,849","53,736","1,823","49,484","1,456","47,935","1,972","44,711","1,249","42,417",875,"45,723","1,147","42,197","1,018","42,719","1,980","40,686","2,657","34,797","2,235","36,986","1,036","35,359","1,373","31,928","1,321","33,509","1,547","30,432","1,433","30,836","1,091","31,968","1,175","30,124","1,354","29,842","1,584","28,292","1,440","26,540","1,060","24,625",900,"21,612",848
South Carolina,"54,336","3,153","46,360","2,266","44,929","2,244","43,563","2,388","43,749","2,970","44,401","2,157","40,084","1,702","41,698","1,460","41,101","1,113","42,155","1,121","44,213","1,553","39,617","1,347","40,230","1,204","38,691","1,021","38,479","1,121","37,812","1,224","37,736","1,023","37,570",937,"36,462","1,728","33,267","1,310","34,262","1,609","34,665","1,405","29,071","1,400","29,846","1,139","26,053",960,"27,578","1,434","27,463","1,137","28,735","1,383","23,798","1,059","25,533","1,150","25,049","1,136","21,968",864,"20,036",862,"20,309",934
South Dakota,"57,450","3,075","55,065","2,604","53,053","3,542","53,413","2,917","54,453","3,030","49,415","1,705","47,223","2,147","45,352","2,045","45,826","1,289","51,600",995,"46,418",900,"45,427","1,641","43,151","1,369","41,107",995,"39,522","1,004","37,873",953,"39,671",856,"36,475",687,"35,828",944,"32,786","1,013","29,694","1,145","29,526","1,003","29,578","1,610","29,733","1,185","27,737","1,040","26,259",669,"24,639",780,"24,571",858,"24,108",999,"22,294",703,"21,151",597,"19,898",664,"18,142",702,"19,409",928
Tennessee,"51,344","1,387","47,330","1,708","43,716","2,326","43,361","3,435","42,499","2,934","42,995","2,407","42,279","2,556","38,591","1,257","40,517",988,"39,702","1,211","41,195","1,116","40,693",755,"39,406","1,191","38,072","1,057","37,523","1,181","37,030","1,111","35,783",791,"34,096",930,"36,522","1,310","34,091","1,307","30,636","1,358","30,790","1,087","29,015","1,268","28,639","1,028","25,102",831,"24,318",913,"24,453",915,"22,592",869,"22,611","1,305","20,856","1,017","21,179",795,"18,256",884,"17,778",557,"16,782",576
Texas,"58,146","1,407","56,473","1,289","53,875","1,344","51,406","1,360","53,027","1,613","51,926",950,"49,047","1,153","47,266","1,159","47,475",743,"46,490",674,"46,053",700,"43,307",828,"41,422",420,"41,397",549,"39,271",762,"40,149",563,"40,860",512,"38,609",785,"38,688","1,020","35,783",662,"35,075",880,"33,072",763,"32,039",634,"30,755",655,"28,727",613,"27,953",634,"27,733",626,"28,228",716,"25,886",559,"24,963",582,"24,721",637,"24,162",514,"23,743",546,"23,024",533
Utah,"67,481","2,237","66,258","2,462","63,383","3,231","61,047","1,553","62,967","4,137","58,341","2,944","55,493","1,659","56,701","1,962","58,491","1,588","62,537","1,526","53,529","1,218","54,628","1,671","54,813","1,303","50,871",927,"49,275",902,"47,861","1,146","47,342","1,601","47,550","1,041","46,050","1,615","44,299","1,375","42,775","1,785","37,038","1,330","36,480",919,"35,716","1,041","35,786","1,242","34,251","1,145","28,016","1,359","30,142","1,018","30,717","1,014","26,313",909,"26,529","1,194","26,281",810,"25,238",702,"23,057",735
Vermont,"60,837","1,364","59,494","2,622","60,708","3,098","65,513","4,013","54,842","2,981","55,582","3,030","51,862","2,007","55,928","2,247","52,318","1,438","50,706",982,"47,390","1,398","51,981","1,266","50,704","1,309","47,329","1,270","43,261",977,"42,999",830,"40,794",944,"39,594",921,"41,584","1,407","39,372","1,591","35,053","1,727","32,358","1,250","33,824","1,242","35,802","1,906","31,065",956,"32,755","1,333","29,155","1,222","31,098","1,331","31,295","1,136","28,988","1,077","25,415","1,374","24,599","1,003","26,000",942,"22,578",983
Virginia,"66,451","2,436","61,486","2,439","66,155","2,946","65,907","2,740","67,620","2,542","64,632","2,166","62,616","1,773","60,367","1,965","60,501","1,193","61,985","1,447","59,161","1,365","57,119","1,592","51,914","1,185","51,141","1,116","54,783","1,563","49,631","1,290","50,241","1,148","47,163","1,065","45,693","1,770","43,354","2,195","42,957","1,897","39,211","1,459","36,222","1,391","37,647","1,531","36,433","1,387","38,198","1,359","36,137","1,336","35,073","1,048","34,118","1,205","32,648","1,319","29,996","1,013","29,715","1,074","28,429","1,324","26,525",874
Washington,"70,310","2,092","67,243","3,253","59,068","2,195","63,922","3,386","60,106","2,198","62,187","2,249","56,850","1,983","56,163","2,060","60,392","1,199","56,631","2,021","58,080","1,736","54,723","1,244","50,646","1,045","49,922","1,068","47,508","1,395","45,183",964,"42,490","1,264","42,525","1,211","45,473","2,080","47,421","1,379","44,562","1,715","36,676","1,608","35,568","1,252","33,533","1,190","35,655","1,111","33,900","1,247","33,970","1,185","32,112","1,239","31,961","1,472","32,327","1,030","27,319","1,108","26,881",950,"24,000",756,"25,017",823
West Virginia,"44,354","1,994","42,824","3,132","39,552","2,195","43,069","3,454","40,241","2,690","43,553","2,774","41,821","1,766","42,777","2,518","40,490",913,"37,994","1,404","42,091",989,"38,419","1,214","36,445","1,076","33,373","1,173","32,763",993,"29,359",699,"29,673",674,"29,411",645,"29,297","1,149","26,704",780,"27,488","1,315","25,247","1,301","24,880",870,"23,564","1,217","22,421",981,"20,271",892,"23,147",918,"22,137","1,142","21,677",843,"19,353",930,"17,207",778,"16,464",905,"15,983",828,"16,843",608
Wisconsin,"59,817","1,845","55,425","1,487","58,080","2,154","51,726","2,629","55,258","2,338","53,079","1,709","52,058","2,067","50,351","1,435","51,237",806,"51,200",852,"51,277","1,040","51,692","1,146","44,650","1,178","45,732","1,337","46,269",978,"45,903",946,"45,346","1,123","45,088",952,"45,667","1,878","41,327","1,271","39,595","1,150","40,001","1,780","40,955","1,318","35,388","1,272","31,766","1,340","33,308","1,097","31,133","1,018","30,711",897,"29,123","1,240","29,575",978,"26,369","1,410","26,430",803,"23,246","1,161","20,743",821
Wyoming,"57,829","3,122","60,925","2,024","55,690","2,019","67,441","3,988","55,700","3,168","57,512","2,820","54,509","2,277","52,201","2,181","52,470","2,131","53,337","1,577","48,744","1,363","47,041","1,503","44,718","1,508","45,397","1,146","42,555","1,000","39,763",976,"39,719","1,166","39,629","1,056","37,248","1,285","35,250","1,316","33,423","1,441","30,953",858,"31,529","1,136","33,140","1,848","29,442","1,167","30,209","1,420","29,050","1,382","29,460",991,"29,521","1,289","26,419","1,095","27,590","1,458","23,559",863,"22,081","1,049","23,816",731
2016 DOLLARS,,,,,,,,,,,,,,,,,,,,,,,,,,,,,,,,,,,,,,,,,,,,,,,,,,,,,,,,,,,,,,,,,,,,
State,2016,,2015,,2014,,2013 (39),,2013 (38),,2012,,2011,,2010 (37),,2009 (36),,2008,,2007,,2006,,2005,,2004(revised),,2003,,2002,,2001,,2000 (30),,1999 (29),,1998,,1997,,1996,,1995 (25),,1994 (24),,1993 (23),,1992 (22),,1991,,1990,,1989,,1988,,1987 (21),,1986,,1985 (20),,1984 (19),
,"Median
income","Standard
error","Median
income","Standard
error","Median
income","Standard
error","Median
income","Standard
error","Median
income","Standard
error","Median
income","Standard
error","Median
income","Standard
error","Median
income","Standard
error","Median
income","Standard
error","Median
income","Standard
error","Median
income","Standard
error","Median
income","Standard
error","Median
income","Standard
error","Median
income","Standard
error","Median
income","Standard
error","Median
income","Standard
error","Median
income","Standard
error","Median
income","Standard
error","Median
income","Standard
error","Median
income","Standard
error","Median
income","Standard
error","Median
income","Standard
error","Median
income","Standard
error","Median
income","Standard
error","Median
income","Standard
error","Median
income","Standard
error","Median
income","Standard
error","Median
income","Standard
error","Median
income","Standard
error","Median
income","Standard
error","Median
income","Standard
error","Median
income","Standard
error","Median
income","Standard
error","Median
income","Standard
error"
United States,"59,039",436,"57,230",325,"54,398",397,"55,214",674,"53,518",284,"53,331",218,"53,401",268,"54,245",358,"55,683",238,"56,076",153,"58,149",162,"57,379",246,"56,935",190,"56,332",249,"56,528",245,"56,599",186,"57,246",175,"58,544",184,"58,665",274,"57,248",339,"55,218",255,"54,105",273,"53,330",308,"51,710",236,"51,116",239,"51,390",243,"51,791",248,"53,350",273,"54,042",297,"53,124",271,"52,690",257,"52,068",270,"50,258",272,"49,335",225
Alabama,"47,221","2,301","45,071","3,462","42,861","1,550","48,758","5,678","42,639","2,385","45,436","2,644","45,438","2,156","45,061","2,638","44,724","1,011","49,580","1,849","48,864","1,644","45,179","1,207","45,657","1,493","46,542","1,656","48,616","2,062","50,185","1,417","47,664","1,364","49,389","1,495","52,257","1,714","53,392","1,924","47,658","2,398","46,193","1,918","40,677","1,981","43,588","2,499","41,039","1,780","43,292","1,775","41,855","1,836","41,615","1,848","39,792","2,000","38,925","1,780","39,898","2,319","40,012","1,851","39,012","1,617","38,099","1,332"
Alaska,"75,723","4,086","76,061","3,529","68,562","3,197","74,675","5,612","62,995","3,401","66,535","2,968","61,271","3,958","63,682","2,631","68,914","1,959","71,333","2,566","72,920","1,832","67,161","1,780","68,690","1,636","69,965","2,631","67,645","1,280","70,432","1,432","77,763","2,728","73,681","1,616","74,089","3,209","74,630","3,127","71,615","1,877","80,458","2,907","75,049","3,143","72,711","2,394","70,243","2,688","70,121","1,939","69,819","3,132","70,018","2,899","67,316","2,576","64,594","2,308","67,190","3,027","65,576","2,127","74,014","2,317","71,216","3,242"
Arizona,"57,100","1,971","52,908","2,033","49,934","2,336","54,210","4,498","52,140","4,978","49,178","3,055","51,872","2,586","51,625","2,452","51,166","1,388","52,298","1,254","54,655","1,800","55,541","1,483","55,606","1,562","55,712","1,452","53,720","1,856","53,029","1,339","57,891","1,953","55,467","1,687","53,330","1,633","54,605","1,848","48,854","1,935","48,228","1,942","48,301","2,128","50,154","1,239","49,920","1,833","49,247","1,825","52,842","1,542","52,069","2,033","53,380","2,262","51,583","1,645","54,081","1,803","53,329","1,502","50,809","1,583","47,156","1,340"
Arkansas,"45,907","2,165","43,339","1,592","45,542","2,581","40,573","2,475","41,132","2,462","40,788","2,940","44,064","1,973","42,478","2,712","40,873","1,017","44,129","1,331","47,224","1,560","44,113",913,"45,053","1,609","44,452","1,263","41,761","1,013","43,224","1,038","45,195","1,551","41,404","1,076","42,788","1,479","40,729","1,708","39,038","1,722","41,347","1,491","40,400","1,563","40,974","1,513","37,696","1,386","40,061","2,345","40,289","1,346","40,598","1,748","40,070","1,711","39,362","1,378","38,064","2,038","39,171","1,600","37,135","1,626","34,498","1,646"
California,"66,637","1,075","64,440","1,733","61,322",906,"62,642","1,866","59,276","1,260","59,606","1,294","56,936","1,470","59,757","1,301","62,795",692,"63,557",924,"64,517",715,"65,852",827,"63,607",565,"62,543",839,"64,334","1,069","63,309","1,022","64,070",986,"65,272",956,"62,893","1,013","60,264",849,"59,230","1,289","59,166","1,247","57,920","1,132","56,626",992,"55,750","1,065","58,548","1,055","57,874","1,178","59,313","1,007","61,712","1,155","59,099","1,237","60,949","1,088","60,670","1,192","57,414",745,"55,657",801
Colorado,"70,566","4,125","67,438","3,729","61,781","2,447","69,976","4,254","65,297","2,885","59,852","2,831","62,549","2,724","66,307","2,731","62,566","1,784","67,937","2,116","70,776","1,174","66,302","1,814","62,002","1,582","64,657","2,020","65,170","1,511","64,453","1,954","66,964","1,613","67,258","1,725","69,449","2,138","68,605","1,599","64,511","2,901","62,425","2,026","63,706","2,429","60,636","2,318","56,429","2,567","54,490","2,468","54,152","2,140","54,757","1,614","50,116","2,614","51,151","2,507","53,529","2,173","56,868","1,937","59,970","1,809","56,788","1,772"
Connecticut,"75,923","3,404","73,810","4,505","71,129","2,702","71,397","3,336","69,841","2,624","67,161","2,982","69,789","3,216","72,653","2,306","72,546","2,582","72,105","3,011","74,249","2,372","74,286","2,574","69,850","2,007","70,012","2,094","71,727","2,037","71,250","1,828","72,319","1,681","69,951","1,892","72,932","3,310","68,471","4,016","65,633","2,968","64,207","4,706","62,981","3,551","65,867","2,556","64,656","2,716","68,509","3,308","72,470","3,342","69,255","3,736","79,122","2,976","70,662","2,523","66,440","2,754","68,431","3,357","66,158","2,402","65,922","2,725"
Delaware,"58,046","2,992","58,486","3,435","58,316","3,011","55,735","4,482","53,806","2,562","51,193","2,066","58,315","1,862","60,782","2,482","58,298","1,992","56,521","1,547","63,191","2,499","62,423","2,059","62,968","1,322","61,053","1,806","63,968","1,798","66,263","2,249","67,242","1,990","70,220","2,102","67,216","3,288","61,036","2,581","64,213","3,077","59,924","2,137","54,663","2,892","57,495","1,909","59,008","1,389","59,848","2,337","56,019","1,910","54,884","1,983","59,953","2,118","59,524","2,277","59,125","1,769","53,593","2,535","48,900","2,907","56,828","2,260"
D.C.,"70,982","2,734","70,956","2,897","69,219","4,463","61,882","5,697","62,519","3,176","68,206","3,838","58,946","2,250","62,669","3,669","59,446","2,336","61,970","1,965","58,786","1,270","57,708","1,999","55,296","2,663","55,210","2,368","58,781","1,850","52,143","1,328","55,810","1,387","57,473","1,495","55,744","2,305","49,221","1,930","47,541","1,468","48,730","2,406","48,121","1,850","48,268","1,774","44,675","2,824","50,738","1,885","51,377","3,272","48,805","2,783","50,015","1,898","52,180","1,460","55,508","2,598","50,866","2,618","44,849","1,609","44,918","1,893"
Florida,"51,176",835,"49,442","1,413","46,777",963,"50,007","2,901","49,341","1,621","48,161","1,160","48,121","1,214","48,510","1,700","51,045",790,"50,005",956,"53,010",660,"54,373",749,"52,835",995,"51,505",803,"50,857",990,"50,747","1,105","49,373",565,"54,174","1,036","51,652",904,"51,394","1,129","48,428",870,"46,710",782,"46,552",958,"46,950","1,013","46,713","1,157","45,877",882,"46,851",817,"47,545",809,"48,768",888,"49,575",927,"49,512",962,"47,785","1,129","45,417",930,"43,547","1,030"
Georgia,"53,527","1,679","51,410","1,419","50,239","2,037","48,420","4,365","48,881","2,019","50,304","1,572","49,047","2,649","48,566","2,006","48,483","1,405","51,532","1,298","56,306","1,248","58,740","1,440","56,443","1,030","52,076",785,"55,380","1,278","57,306","1,477","57,717","1,455","58,420","1,159","56,833","1,953","56,924","1,736","54,707","1,367","49,538","2,540","53,366","1,404","50,433","1,984","51,807","2,052","48,306","2,060","46,782","1,870","49,106","2,113","51,492","1,909","51,838","1,748","54,010","2,790","50,966","2,326","44,791","1,677","43,985","1,794"
Hawaii,"72,133","2,510","65,329","2,876","72,206","2,713","66,187","4,037","63,274","2,274","58,815","2,357","62,995","2,700","65,543","3,006","62,252","2,263","68,581","1,651","74,111","2,460","71,984","1,870","73,231","1,490","71,463","2,147","67,641","1,738","63,130","1,830","64,310","1,703","71,867","1,663","64,154","2,641","60,107","3,488","61,081","2,088","63,678","2,886","67,063","2,022","67,723","3,883","69,803","2,878","70,642","2,407","64,032","2,802","69,346","2,519","65,500","2,483","64,440","2,892","70,807","2,171","60,655","2,522","61,627","3,077","63,558","2,676"
Idaho,"56,564","1,261","52,276","1,276","54,175","2,607","49,940","5,651","53,340","3,767","50,096","3,317","50,633","3,721","51,795","2,057","52,328","1,414","52,862","1,874","56,935","1,494","55,013","1,562","54,292","1,541","56,363","1,762","55,294","1,281","50,334","1,496","51,841","1,310","52,438","1,662","51,607","2,037","54,002","1,605","49,844","1,998","52,911","2,044","51,139","1,747","50,544","2,048","50,738","2,165","46,472","1,466","44,898","1,769","45,086","1,737","46,092","1,782","45,758","1,959","41,962","1,686","43,393","1,422","44,178","1,273","46,423","2,120"
Illinois,"61,386","1,761","61,176","2,024","55,674","1,647","55,576","3,387","58,934","1,797","54,085","1,388","54,023","1,466","55,844","1,623","59,143","1,053","59,366","1,477","60,780","1,100","57,939","1,389","59,481","1,212","58,547","1,046","58,923","1,399","57,001","1,142","62,591","1,192","64,224","1,347","66,786","1,482","63,568","1,817","61,601","1,167","60,297","1,688","59,582","1,369","56,225","1,281","53,760","1,325","52,925","1,261","54,814","1,227","57,980","1,290","58,517","1,165","57,610","1,471","54,758","1,084","55,444","1,326","52,922","1,113","52,278","1,248"
Indiana,"56,094","2,877","52,640","1,703","48,723","1,970","50,958","4,645","52,089","3,318","48,252","1,868","47,417","2,463","50,792","2,832","49,562","1,214","51,859","1,321","54,931","1,453","54,053","1,471","52,155","1,352","53,785","1,462","55,363","1,251","54,781",998,"54,739","1,285","56,975",947,"58,869","2,478","58,493","2,339","58,029","1,765","53,579","1,979","52,248","2,260","44,649","1,654","48,227","2,227","47,858","2,206","46,570","1,585","47,978","1,958","48,418","1,911","51,306","1,817","45,529","1,909","47,532","1,483","48,251","1,332","50,117","1,563"
Iowa,"59,094","2,484","61,624","3,316","58,608","3,472","61,984","6,320","56,522","2,027","55,866","2,235","53,577","2,106","53,959","1,477","56,739","1,717","55,897","1,441","56,615","1,680","57,290","1,775","57,148","1,646","55,134","1,933","54,004","1,154","54,784","1,537","55,548","1,536","57,151","1,131","59,244","1,629","54,501","1,770","50,410","1,913","50,625","2,328","55,588","1,474","53,017","2,051","46,898","2,029","48,215","1,630","49,087","1,740","48,619","1,757","49,104","1,481","47,426","2,104","44,863","1,844","46,969","1,569","44,531","1,285","43,718","1,640"
Kansas,"56,810","3,268","55,558","3,778","54,182","2,903","49,273","4,633","53,050","1,544","52,271","1,894","49,233","2,080","50,698","1,999","50,023","2,000","53,372","1,572","56,139","2,089","54,226","1,490","51,651","1,211","52,180","2,222","57,721","1,730","56,879","1,397","56,144","1,512","57,246","1,628","53,839","2,996","54,047","2,381","54,421","2,408","49,673","2,226","47,484","1,441","45,392","1,705","48,710","1,872","50,904","1,907","50,363","1,606","53,303","2,101","50,220","1,698","49,887","2,250","51,723","1,820","50,037","1,635","48,492","2,198","54,208","2,007"
Kentucky,"45,369","2,005","42,923","2,298","43,376","1,602","46,243","4,043","43,439","1,931","42,950","1,986","42,521","1,971","45,249","3,108","47,726","1,469","45,870",905,"45,669","1,402","47,003","1,251","45,103","1,104","45,247","1,548","48,200","1,118","49,062","1,166","52,106","1,368","50,562","1,182","48,635","2,139","53,371","2,225","49,916","2,476","49,411","2,194","46,653","1,798","42,625","1,648","39,884","1,785","39,395","2,112","40,854","1,798","44,151","2,161","43,529","2,255","38,845","1,563","41,796","1,898","41,563","2,104","36,943","1,592","38,914","2,375"
Louisiana,"42,196","1,197","46,502","2,167","42,991","1,888","47,836","2,620","40,826","2,944","40,858","1,684","43,377","2,058","43,263","3,576","50,824","2,028","44,103","1,657","47,823","1,085","43,436","1,696","45,763","1,594","46,288","1,579","43,725","1,439","45,387","1,679","45,172","1,620","42,828","1,154","47,072","1,793","46,721","2,444","49,630","2,314","46,132","1,967","43,741","1,706","41,152","2,406","43,052","1,905","42,673","1,916","43,493","1,987","39,919","2,815","42,740","3,472","39,996","2,876","43,163","1,735","43,688","1,999","45,068","1,549","41,707","1,937"
Maine,"50,856","3,346","51,397","1,953","52,424","2,201","56,627","3,980","51,644","2,012","51,388","2,349","53,016","2,116","52,765","1,857","53,138","1,945","52,648","1,601","55,441","1,618","54,333","2,139","53,981","1,761","52,514","1,554","48,431","1,233","49,184","1,129","49,632","1,291","51,957","1,189","56,021","1,901","52,470","1,544","48,901","1,941","52,892","1,846","52,989","1,703","48,588","2,463","44,894","1,968","49,681","1,721","47,910","2,154","48,933","2,801","52,761","2,597","51,518","1,838","47,714","2,060","48,988","2,029","43,663","1,709","45,446","1,946"
Maryland,"73,760","2,591","74,524","2,726","77,216","4,331","71,461","3,060","67,245","4,519","75,094","1,935","73,482","2,267","70,675","2,529","71,802","1,873","71,023","1,972","75,972","1,923","75,791","1,906","74,369","1,815","72,557","2,150","68,268","1,596","75,281","2,045","72,567","2,240","76,034","1,952","75,255","3,196","73,635","3,181","69,662","2,202","67,064","3,910","64,230","2,546","62,824","2,244","65,348","2,098","62,406","2,728","63,526","2,436","69,232","2,844","67,334","2,219","71,324","2,334","70,702","2,806","64,003","2,167","64,128","2,056","65,387","2,533"
Massachusetts,"72,266","2,911","68,719","2,825","64,023","2,699","64,429","5,464","64,877","3,561","66,543","3,944","67,547","3,442","67,079","2,414","66,418","1,957","67,243","1,866","67,676","2,583","65,865","2,475","68,845","2,156","66,097","2,118","66,494","1,244","66,536","1,539","70,836","2,058","65,184","1,892","63,435","2,916","62,342","2,887","62,706","2,064","60,206","2,945","60,369","2,308","64,910","1,699","60,644","1,553","60,990","1,238","61,398","1,358","64,582","1,475","67,465","1,316","64,809","1,637","65,184","1,448","63,449","1,537","60,023","1,724","59,337","1,525"
Michigan,"57,091","1,908","54,888","2,030","52,723","1,216","58,286","1,635","50,284","2,297","52,284","1,584","52,147","1,967","50,943","1,912","51,451","1,122","55,502","1,286","57,150",924,"57,910","1,150","56,452","1,125","53,692","1,090","58,752","1,240","57,007","1,488","61,067","1,177","63,454","1,527","66,439","1,479","61,570","1,350","57,810","1,653","59,796","1,742","57,008","1,556","56,551","1,098","53,441","1,116","54,126","1,277","55,214","1,185","53,339","1,181","57,536","1,477","57,509","1,184","56,008","1,464","55,640","1,355","51,586","1,783","50,546","1,398"
Minnesota,"70,218","4,045","69,599","3,102","68,172","3,251","66,279","4,113","62,758","1,899","64,598","1,400","61,686","2,539","57,597","1,768","62,745","1,384","61,228","1,591","67,207","2,186","66,914","1,450","66,630","1,529","71,287","1,360","68,932","1,602","72,898","1,596","71,416","1,537","75,638","2,374","67,807","2,201","70,558","3,114","63,513","2,253","62,488","1,867","59,366","2,892","53,922","2,180","55,110","1,983","51,969","2,176","50,679","1,970","56,061","1,832","56,433","2,389","56,757","2,031","56,776","2,250","55,301","2,405","50,764","2,175","53,784","2,012"
Mississippi,"41,099","1,226","40,543","1,085","36,011","1,312","33,321","2,813","42,091","2,209","38,303","1,616","43,838","2,524","42,008","3,115","39,240","1,459","40,629",925,"43,154","1,101","41,347","1,884","40,403","1,588","44,161","1,438","42,709","1,452","41,215","1,022","40,887","1,608","47,821","1,888","46,818","2,030","42,871","1,705","42,525","2,068","40,667","2,006","41,533","1,609","40,709","1,205","36,309","2,011","34,505","1,802","33,481","1,810","35,951","1,429","37,236","1,770","35,447","1,733","37,429","1,822","34,534","1,336","34,926","1,317","33,961","1,611"
Missouri,"55,016","1,719","59,944","2,640","57,412","3,072","47,710","4,260","51,840","3,810","52,021","2,135","48,835","2,301","50,437","2,375","54,556","1,784","51,322","1,278","53,255","1,278","53,067","1,669","52,830","1,215","53,541","1,363","57,108","1,142","57,089","1,433","56,040","1,632","62,875","1,655","59,655","1,717","59,185","2,750","54,543","3,074","52,234","2,306","54,502","2,149","48,386","2,311","46,929","2,399","45,897","2,434","48,009","2,433","48,698","2,484","49,538","1,395","45,744","2,123","47,957","2,359","45,853","1,615","46,685","1,294","45,726","1,574"
Montana,"57,075","2,880","52,044","2,974","51,807","1,803","44,514","6,127","45,473","3,351","47,133","2,681","42,970","2,172","45,443","2,033","45,235","1,121","47,823","1,966","50,534","1,967","48,932",830,"45,858","1,427","43,146",901,"44,510","1,392","46,491","1,618","43,551",999,"45,699","1,396","44,742","1,393","46,489","1,668","43,589","1,709","43,727","2,387","43,440","1,729","44,285","1,997","43,310","1,579","44,494","1,221","42,682","1,530","41,647","1,751","44,294","2,451","43,379","1,618","41,394","1,615","42,513","1,566","43,061","1,702","42,999","1,585"
Nebraska,"59,374","2,678","61,238","2,974","57,655","2,285","59,374","4,345","55,408","1,870","54,564","2,821","59,335","2,873","57,799","1,939","55,480","1,854","56,550","1,398","56,923","1,596","57,312","1,774","58,897","1,778","55,636","1,692","57,384","1,704","57,115","1,385","59,120","1,513","58,209","1,419","55,681","1,969","53,608","2,280","51,766","2,280","51,852","2,287","51,535","1,808","50,957","1,789","50,735","1,363","50,404","1,797","50,799","1,731","48,965","2,010","49,205","2,844","49,093","1,873","47,043","1,539","45,533","1,702","46,387","1,945","47,095","1,684"
Nevada,"55,431","2,137","52,665","2,301","50,563","1,861","53,422","3,275","46,748","2,916","49,480","2,648","50,189","2,847","56,363","2,116","57,537","1,227","61,027","2,963","62,577","1,498","62,237","1,490","59,249","2,065","59,979","1,756","58,963","2,028","60,001","1,549","61,550","1,532","63,797","1,410","59,768","2,543","58,530","1,803","57,977","2,352","58,751","2,462","56,472","2,056","57,491","2,459","58,599","1,764","53,524","1,335","56,624","2,689","57,056","2,101","54,853","1,772","54,603","1,865","54,342","2,281","54,829","1,872","49,526","2,139","56,733","2,241"
New Hampshire,"76,260","2,913","76,631","3,563","74,410","3,298","71,199","4,088","73,490","3,360","70,895","2,325","70,285","1,762","73,352","1,817","71,740","2,076","73,771","3,572","78,225","2,137","73,770","1,761","70,033","2,490","72,191","1,682","72,513","1,702","73,831","1,720","69,586",975,"71,002","1,733","66,390","2,814","66,189","2,747","61,176","2,393","60,073","2,643","61,304","2,435","56,488","2,944","62,117","2,651","66,152","3,224","61,945","2,302","72,703","2,339","70,169","2,563","67,564","2,203","65,381","2,932","63,886","1,734","56,184","2,285","57,037","1,618"
New Jersey,"68,468","2,867","69,221","3,172","66,143","2,730","65,692","4,600","63,660","3,151","69,717","2,049","66,506","3,230","69,318","2,689","72,463","2,147","72,801","2,561","70,043","1,688","81,018","2,356","77,879","2,774","70,234","1,630","73,136","1,335","72,826","2,142","70,182","1,265","70,276","1,382","71,693","2,025","73,356","2,114","71,656","2,125","72,362","1,855","68,742","2,191","67,763","1,705","66,266","1,613","65,421","1,411","68,851","1,776","69,013","1,539","73,137","1,772","70,807","1,284","69,228","1,605","66,327","1,761","65,924","1,368","61,135","1,761"
New Mexico,"48,451","2,961","45,689","2,921","47,330","3,358","41,387","4,542","43,407","2,751","45,394","2,370","44,789","2,298","49,685","3,320","48,708","1,671","46,934","1,539","51,346","1,706","47,650","1,496","47,866","2,089","50,269","2,013","45,811","1,490","47,321","1,416","44,904","1,678","48,928","1,740","46,957","2,517","46,439","2,058","44,893","1,726","38,242","1,663","40,677","1,722","43,121","2,215","43,781","1,396","43,379","2,260","45,627","2,054","44,612","1,867","42,256","1,924","37,652","1,625","41,968","1,256","41,503","1,449","43,459","2,181","45,407","2,265"
New York,"61,437","1,405","58,738","2,233","55,060","1,806","51,485","2,336","55,479","1,692","49,843","1,657","54,022","1,073","54,801","1,453","56,174",670,"56,252",760,"56,657","1,063","57,404","1,177","57,979","1,016","56,732","1,006","55,837","1,138","56,008",774,"57,091",813,"56,806",810,"57,646","1,267","55,053","1,144","53,417",946,"53,980","1,137","51,690","1,121","51,125",765,"51,862",910,"52,087",887,"54,659",925,"56,286",910,"58,884",847,"56,422","1,303","53,343",922,"52,336",991,"50,302","1,113","48,481",918
North Carolina,"53,764","1,629","51,439","1,360","47,430","1,734","47,745","3,064","42,460","2,121","43,438","1,353","48,229","1,664","48,250","2,117","46,878",644,"47,857",943,"50,370","1,241","47,375",970,"51,687","1,185","51,128","1,032","48,648","1,228","48,733",956,"51,734","1,289","53,423","1,124","53,703","1,384","52,762","1,505","53,479","1,368","54,271","1,537","50,048","1,390","48,265","1,074","47,155","1,068","46,584","1,033","46,165",877,"46,911",991,"49,368",967,"47,641","1,046","46,016","1,096","45,719","1,460","45,646","1,245","45,272","1,411"
North Dakota,"60,184","2,290","58,141","3,274","61,568","3,181","60,950","3,556","54,495","2,950","58,296","2,219","60,130","3,158","56,150","2,544","56,017","1,944","55,327","1,324","54,644","1,482","48,863","1,673","51,854","1,501","49,834","1,590","52,733","1,112","48,312","1,100","48,522","1,090","50,187","1,485","47,085","1,994","44,615","1,736","47,244","2,031","47,974","1,805","45,525","1,905","45,322","1,787","46,007","1,366","45,222","1,511","44,513","1,602","45,013","1,787","47,167","1,688","47,011","1,969","45,644","1,830","44,981","1,642","45,123","1,722","45,717","2,285"
Ohio,"53,985","1,894","53,975","1,982","50,329","1,412","52,290","2,522","47,808","1,428","46,388","1,801","47,634","1,280","50,513","1,644","51,323",700,"52,320",945,"56,836","1,256","54,640",754,"54,325","1,286","54,707","1,241","56,792","1,214","56,966","1,037","56,645",896,"59,899","1,021","56,925","1,426","57,307","2,320","53,918","1,334","51,937","1,620","54,684","1,546","51,055",936,"51,188","1,077","52,679",985,"51,214","1,305","53,474","1,283","54,257","1,225","54,129","1,241","52,108","1,122","52,524","1,230","53,569","1,200","50,894","1,083"
Oklahoma,"50,943","1,652","47,672","1,961","47,850","2,813","47,565","3,547","45,107","4,209","50,603","2,949","51,695","2,555","47,450","2,282","51,322","1,274","51,403","1,038","50,026","1,682","46,233","1,901","46,266","1,781","50,335","1,426","46,851","1,019","48,657",818,"48,273",935,"45,218",989,"47,114","2,149","49,654","1,814","46,781","1,529","41,826","1,660","41,177","1,377","43,259","1,944","42,966","2,441","42,413","1,803","43,773","1,855","43,445","1,860","44,247","2,311","46,181","1,475","43,855","1,787","43,809","1,822","45,123","1,626","46,547","1,580"
Oregon,"59,135","2,622","61,603","2,404","59,688","3,039","50,488","2,975","58,018","2,083","54,124","2,436","54,971","1,714","55,705","1,657","54,924","1,839","57,663","1,532","58,152","1,571","56,058","1,662","54,271","1,710","52,088","1,335","54,336","1,259","55,789","1,141","55,951","1,019","59,253","1,305","58,554","1,805","57,516","2,837","55,579","2,668","54,105","1,942","56,926","1,518","50,415","1,808","54,220","1,898","53,556","3,420","51,901","1,869","52,170","1,721","53,337","2,683","54,145","2,244","50,622","2,208","51,809","2,096","46,589","2,217","47,099","1,640"
Pennsylvania,"60,979","2,036","61,152","2,255","55,934","2,297","56,832","3,025","55,592","1,655","54,258","1,469","53,247","1,807","53,186","1,660","53,888","1,048","57,301",657,"56,070","1,079","57,708","1,034","56,903",916,"56,042","1,320","56,026","1,015","56,718","1,061","58,969",980,"58,803",982,"54,430","1,645","57,439","1,590","55,982","1,438","53,201","1,485","54,031","1,069","51,393","1,048","50,714","1,136","50,126","1,119","52,206","1,056","51,678","1,226","53,638","1,279","52,182",970,"51,402","1,094","49,789","1,035","48,681","1,145","44,782","1,098"
Rhode Island,"61,528","2,828","56,405","3,288","59,442","4,056","58,035","3,969","59,569","2,200","58,608","2,677","52,312","2,436","56,829","1,904","57,761","1,618","59,351","2,674","62,753","2,140","63,968","2,170","60,816","1,789","60,908","2,506","58,346","1,630","56,610","1,168","61,984","1,555","58,832","1,419","61,581","2,854","59,899","3,912","51,923","3,335","56,382","1,579","55,338","2,149","51,172","2,117","54,827","2,531","51,048","2,404","53,012","1,876","56,958","2,094","56,319","2,531","58,231","3,091","57,200","2,911","55,504","2,217","52,401","1,915","47,568","1,866"
South Carolina,"54,336","3,153","46,946","2,295","45,549","2,275","44,887","2,461","45,079","3,060","46,415","2,255","42,764","1,816","45,903","1,607","45,978","1,245","46,993","1,250","51,180","1,798","47,161","1,603","49,443","1,480","49,162","1,297","50,214","1,463","50,464","1,634","51,156","1,387","52,381","1,306","52,561","2,491","48,977","1,929","51,125","2,401","52,844","2,142","45,497","2,191","47,835","1,826","42,628","1,571","46,261","2,405","47,213","1,955","51,197","2,464","44,492","1,980","49,823","2,244","50,644","2,297","45,943","1,807","42,635","1,834","44,700","2,056"
South Dakota,"57,450","3,075","55,761","2,637","53,785","3,591","55,036","3,006","56,108","3,122","51,656","1,782","50,381","2,291","49,925","2,251","51,263","1,442","57,522","1,109","53,733","1,042","54,077","1,953","53,033","1,683","52,232","1,264","51,575","1,310","50,545","1,272","53,779","1,160","50,854",958,"51,647","1,361","48,269","1,491","44,309","1,709","45,010","1,529","46,290","2,520","47,654","1,899","45,383","1,702","44,048","1,122","42,358","1,341","43,778","1,529","45,071","1,868","43,502","1,372","42,763","1,207","41,613","1,389","38,605","1,494","42,719","2,043"
Tennessee,"51,344","1,387","47,928","1,730","44,319","2,358","44,679","3,539","43,791","3,023","44,945","2,516","45,106","2,727","42,483","1,384","45,325","1,105","44,258","1,350","47,687","1,292","48,441",899,"48,430","1,464","48,375","1,343","48,966","1,541","49,420","1,483","48,509","1,072","47,538","1,297","52,648","1,888","50,190","1,924","45,714","2,026","46,937","1,657","45,409","1,984","45,901","1,648","41,072","1,360","40,792","1,532","42,039","1,573","40,252","1,548","42,273","2,440","40,696","1,984","42,819","1,607","38,180","1,849","37,831","1,185","36,937","1,268"
Texas,"58,146","1,407","57,187","1,305","54,619","1,363","52,968","1,401","54,639","1,662","54,281",993,"52,327","1,230","52,032","1,276","53,108",831,"51,825",751,"53,310",810,"51,553",986,"50,908",516,"52,600",698,"51,247",994,"53,583",751,"55,391",694,"53,830","1,094","55,770","1,470","52,681",975,"52,338","1,313","50,416","1,163","50,142",992,"49,292","1,050","47,003","1,003","46,890","1,064","47,678","1,076","50,294","1,276","48,396","1,045","48,710","1,136","49,981","1,288","50,531","1,075","50,524","1,162","50,676","1,173"
Utah,"67,481","2,237","67,095","2,493","64,258","3,276","62,902","1,600","64,881","4,263","60,987","3,078","59,204","1,770","62,419","2,160","65,431","1,776","69,714","1,701","61,964","1,410","65,030","1,989","67,365","1,601","64,638","1,178","64,302","1,177","63,875","1,529","64,178","2,170","66,295","1,451","66,383","2,328","65,218","2,024","63,828","2,664","56,462","2,027","57,092","1,438","57,243","1,668","58,553","2,032","57,454","1,921","48,164","2,336","53,704","1,814","57,427","1,896","51,345","1,774","53,636","2,414","54,963","1,694","53,705","1,494","50,748","1,618"
Vermont,"60,837","1,364","60,246","2,655","61,546","3,141","67,504","4,135","56,509","3,072","58,103","3,167","55,330","2,141","61,568","2,474","58,526","1,609","56,525","1,095","54,858","1,618","61,879","1,507","62,315","1,609","60,138","1,614","56,454","1,275","57,386","1,108","55,302","1,280","55,203","1,284","59,945","2,028","57,965","2,342","52,305","2,577","49,327","1,906","52,935","1,944","57,381","3,055","50,828","1,564","54,945","2,236","50,122","2,101","55,408","2,371","58,508","2,124","56,564","2,102","51,384","2,778","51,445","2,098","55,326","2,005","49,694","2,164"
Virginia,"66,451","2,436","62,263","2,470","67,068","2,987","67,910","2,823","69,675","2,619","67,564","2,264","66,803","1,892","66,455","2,163","67,680","1,335","69,099","1,613","68,484","1,580","67,995","1,895","63,802","1,456","64,981","1,418","71,490","2,040","66,237","1,722","68,108","1,556","65,756","1,485","65,868","2,552","63,827","3,232","64,099","2,831","59,774","2,224","56,688","2,177","60,338","2,454","59,611","2,269","64,075","2,280","62,125","2,297","62,490","1,867","63,786","2,253","63,706","2,574","60,646","2,048","62,144","2,246","60,495","2,817","58,381","1,924"
Washington,"70,310","2,092","68,093","3,294","59,883","2,225","65,865","3,489","61,933","2,265","65,008","2,351","60,651","2,116","61,827","2,268","67,558","1,341","63,130","2,253","67,232","2,010","65,143","1,481","62,244","1,284","63,432","1,357","61,996","1,820","60,301","1,287","57,601","1,714","59,290","1,688","65,551","2,998","69,815","2,030","66,494","2,559","55,910","2,451","55,665","1,959","53,744","1,907","58,339","1,818","56,866","2,092","58,400","2,037","57,214","2,208","59,753","2,752","63,080","2,010","55,233","2,240","56,217","1,987","51,071","1,609","55,062","1,811"
West Virginia,"44,354","1,994","43,365","3,172","40,098","2,225","44,378","3,559","41,464","2,772","45,529","2,900","44,618","1,884","47,091","2,772","45,294","1,021","42,354","1,565","48,724","1,145","45,734","1,445","44,791","1,322","42,405","1,490","42,754","1,296","39,182",933,"40,226",914,"41,006",899,"42,233","1,656","39,315","1,148","41,017","1,962","38,487","1,983","38,938","1,362","37,767","1,951","36,685","1,605","34,004","1,496","39,793","1,578","39,442","2,035","40,527","1,576","37,764","1,815","34,789","1,573","34,432","1,893","34,011","1,762","37,071","1,338"
Wisconsin,"59,817","1,845","56,125","1,506","58,882","2,184","53,298","2,709","56,937","2,409","55,487","1,787","55,539","2,205","55,429","1,580","57,317",902,"57,076",950,"59,357","1,204","61,535","1,364","54,875","1,448","58,108","1,699","60,379","1,276","61,262","1,263","61,473","1,522","62,863","1,327","65,831","2,707","60,843","1,871","59,083","1,716","60,979","2,713","64,096","2,063","56,717","2,039","51,975","2,193","55,873","1,840","53,523","1,750","54,718","1,598","54,447","2,318","57,710","1,908","53,313","2,851","55,274","1,679","49,466","2,471","45,655","1,807"
Wyoming,"57,829","3,122","61,695","2,050","56,459","2,047","69,491","4,109","57,393","3,264","60,121","2,948","58,154","2,429","57,465","2,401","58,696","2,384","59,458","1,758","56,425","1,578","55,998","1,789","54,958","1,853","57,683","1,456","55,533","1,305","53,068","1,303","53,844","1,581","55,252","1,472","53,694","1,852","51,896","1,937","49,873","2,150","47,186","1,308","49,344","1,778","53,114","2,962","48,173","1,909","50,674","2,382","49,942","2,376","52,489","1,766","55,191","2,410","51,551","2,137","55,781","2,948","49,270","1,805","46,987","2,232","52,419","1,609"
"Source: U.S. Census Bureau, Current Population Survey, Annual Social and Economic Supplements.  For information on confidentiality protection, sampling error, nonsampling error, and definitions, see //www2.census.gov/programs-surveys/cps/techdocs/cpsmar17.pdf",,,,,,,,,,,,,,,,,,,,,,,,,,,,,,,,,,,,,,,,,,,,,,,,,,,,,,,,,,,,,,,,,,,,
,,,,,,,,,,,,,,,,,,,,,,,,,,,,,,,,,,,,,,,,,,,,,,,,,,,,,,,,,,,,,,,,,,,,
