Code,Item,Group,Region_Number,Region_Name,State_Name,Y1991,Y1992,Y1993,Y1994,Y1995,Y1996,Y1997,Y1998,Y1999,Y2000,Y2001,Y2002,Y2003,Y2004,Y2005,Y2006,Y2007,Y2008,Y2009,Y2010,Y2011,Y2012,Y2013,Y2014,Average_Annual_Percent_Growth
1,Personal Health Care ($),United States,0,United States,,2672,2852,2996,3117,3266,3406,3556,3720,3893,4118,4428,4755,5094,5423,5740,6048,6370,6612,6892,7094,7292,7535,7703,8045,4.9
1,Personal Health Care ($),Region,1,New England,,3106,3304,3492,3632,3873,4050,4267,4546,4726,5000,5394,5833,6259,6719,7133,7605,8087,8464,8903,9102,9301,9578,9807,10119,5.3
1,Personal Health Care ($),Region,2,Mideast,,3078,3306,3490,3660,3837,3982,4157,4345,4578,4843,5195,5575,6001,6378,6739,7101,7468,7711,8068,8332,8570,8731,8964,9370,5
1,Personal Health Care ($),Region,3,Great Lakes,,2657,2837,2992,3125,3283,3437,3585,3726,3911,4159,4493,4821,5153,5499,5811,6153,6488,6701,7051,7311,7526,7834,8005,8389,5.1
1,Personal Health Care ($),Region,4,Plains,,2577,2736,2874,3052,3214,3388,3564,3810,4013,4292,4624,4989,5331,5636,5931,6210,6593,6877,7126,7360,7627,7896,8054,8379,5.3
1,Personal Health Care ($),Region,5,Southeast,,2537,2715,2873,3001,3153,3312,3485,3603,3769,4021,4316,4610,4931,5282,5543,5838,6097,6306,6572,6710,6862,7116,7232,7562,4.9
1,Personal Health Care ($),Region,6,Southwest,,2363,2520,2635,2713,2854,2994,3143,3269,3428,3586,3863,4173,4407,4656,5050,5287,5540,5811,6043,6203,6357,6567,6666,6978,4.8
1,Personal Health Care ($),Region,7,Rocky Mountains,,2290,2412,2508,2576,2713,2840,2991,3166,3297,3557,3810,4108,4394,4660,4870,5155,5415,5599,5790,5941,6108,6321,6493,6814,4.9
1,Personal Health Care ($),Region,8,Far West,,2616,2781,2880,2946,3033,3114,3187,3381,3506,3643,3922,4222,4574,4867,5196,5484,5856,6127,6327,6563,6797,7068,7302,7629,4.8
1,Personal Health Care ($),State,5,Southeast,Alabama,2535,2716,2854,2991,3163,3336,3540,3601,3714,3932,4168,4511,4994,5252,5545,5755,5928,6097,6325,6421,6541,6821,6996,7281,4.7
1,Personal Health Care ($),State,8,Far West,Alaska,2558,2646,2770,2865,3109,3411,3654,3848,4112,4566,5169,5669,6099,6455,7145,7476,7975,8447,8745,9129,9586,10130,10428,11064,6.6
1,Personal Health Care ($),State,6,Southwest,Arizona,2447,2506,2621,2677,2717,2801,2833,2962,3095,3226,3438,3779,4077,4387,4828,5103,5410,5660,5874,6027,6076,6183,6262,6452,4.3
1,Personal Health Care ($),State,5,Southeast,Arkansas,2363,2493,2604,2731,2896,3039,3227,3356,3547,3737,4030,4360,4616,4899,5254,5469,5766,6000,6238,6412,6585,6804,6929,7408,5.1
1,Personal Health Care ($),State,8,Far West,California,2673,2839,2940,2993,3056,3130,3192,3372,3464,3578,3838,4126,4489,4781,5107,5397,5776,6038,6210,6480,6737,7018,7256,7549,4.6
1,Personal Health Care ($),State,7,Rocky Mountains,Colorado,2498,2636,2713,2788,2915,3026,3129,3350,3494,3769,3992,4259,4569,4831,4937,5264,5522,5685,5882,5979,6129,6306,6472,6804,4.5
1,Personal Health Care ($),State,1,New England,Connecticut,3315,3525,3651,3851,4106,4237,4463,4738,4957,5185,5560,5944,6226,6739,6997,7391,7793,8219,8740,8863,8950,9300,9517,9859,4.9
1,Personal Health Care ($),State,2,Mideast,Delaware,2837,3038,3234,3468,3638,3741,4027,4201,4567,4782,5091,5535,6164,6618,6980,7315,7726,8136,8405,8822,9213,9433,9766,10254,5.7
1,Personal Health Care ($),State,2,Mideast,District of Columbia,4660,5184,5443,5524,5659,5873,5943,6124,6275,6313,6663,7185,7661,8394,8764,9003,9562,9959,10439,10876,11281,11223,11466,11944,4.2
1,Personal Health Care ($),State,5,Southeast,Florida,2949,3153,3312,3433,3547,3709,3866,3975,4157,4461,4745,5027,5336,5690,5957,6284,6585,6854,7134,7301,7408,7635,7688,8076,4.5
1,Personal Health Care ($),State,5,Southeast,Georgia,2497,2671,2826,2904,3040,3149,3250,3367,3457,3606,3806,4135,4358,4732,4891,5148,5329,5358,5513,5554,5713,6009,6249,6587,4.3
1,Personal Health Care ($),State,8,Far West,Hawaii,2603,2730,2932,3124,3319,3527,3518,3659,3776,3883,4104,4407,4750,5018,5389,5555,6098,6382,6542,6496,6527,6803,6955,7299,4.6
1,Personal Health Care ($),State,7,Rocky Mountains,Idaho,2125,2254,2352,2412,2553,2710,2857,3019,3177,3394,3651,4008,4252,4492,4799,5057,5309,5459,5700,5999,6135,6380,6593,6927,5.3
1,Personal Health Care ($),State,3,Great Lakes,Illinois,2729,2918,3062,3202,3340,3476,3623,3788,3936,4187,4465,4795,5080,5362,5690,6034,6454,6653,6917,7253,7429,7665,7911,8262,4.9
1,Personal Health Care ($),State,3,Great Lakes,Indiana,2541,2741,2919,3008,3128,3174,3395,3596,3804,4026,4344,4662,5028,5407,5637,5986,6279,6413,6791,6987,7286,7848,7923,8300,5.3
1,Personal Health Care ($),State,4,Plains,Iowa,2591,2733,2867,3023,3168,3357,3522,3809,4024,4254,4574,4844,5211,5486,5816,6173,6444,6691,6946,7177,7416,7648,7806,8200,5.1
1,Personal Health Care ($),State,4,Plains,Kansas,2613,2765,2873,3034,3217,3391,3578,3785,4004,4247,4556,4853,5149,5489,5786,6040,6352,6589,6764,6858,7152,7477,7429,7651,4.8
1,Personal Health Care ($),State,5,Southeast,Kentucky,2385,2575,2697,2798,2989,3182,3424,3597,3835,4172,4473,4828,5086,5405,5668,5977,6201,6360,6698,6898,7142,7289,7543,8004,5.4
1,Personal Health Care ($),State,5,Southeast,Louisiana,2647,2862,3051,3203,3329,3438,3601,3723,3909,4048,4289,4561,4917,5262,5433,5944,6292,6618,6958,7227,7161,7303,7487,7815,4.8
1,Personal Health Care ($),State,1,New England,Maine,2548,2685,2871,2993,3259,3518,3787,4091,4424,4715,5129,5580,6086,6580,7001,7374,7718,8061,8359,8539,8824,9001,9133,9531,5.9
1,Personal Health Care ($),State,2,Mideast,Maryland,2786,2951,3123,3293,3407,3566,3702,3754,3994,4239,4604,4985,5380,5737,6064,6530,6907,7200,7507,7748,7937,8115,8250,8602,5
1,Personal Health Care ($),State,1,New England,Massachusetts,3326,3528,3772,3903,4108,4297,4513,4810,4909,5200,5628,6127,6606,7029,7484,8056,8638,9006,9417,9619,9818,10071,10273,10559,5.2
1,Personal Health Care ($),State,3,Great Lakes,Michigan,2663,2789,2937,3097,3291,3463,3625,3698,3845,4048,4287,4551,4867,5239,5528,5924,6254,6517,6816,7121,7406,7637,7745,8055,4.9
1,Personal Health Care ($),State,4,Plains,Minnesota,2698,2802,2954,3157,3355,3514,3703,4008,4201,4524,4898,5319,5692,6025,6332,6663,7038,7230,7521,7782,7968,8177,8465,8871,5.3
1,Personal Health Care ($),State,5,Southeast,Mississippi,2174,2310,2475,2632,2850,3034,3222,3328,3434,3728,4087,4415,4708,5091,5387,5792,6175,6422,6615,6642,6833,7369,7362,7646,5.6
1,Personal Health Care ($),State,4,Plains,Missouri,2516,2730,2881,3063,3179,3342,3514,3726,3906,4177,4467,4855,5193,5453,5674,5812,6323,6692,6902,7114,7441,7758,7860,8107,5.2
1,Personal Health Care ($),State,7,Rocky Mountains,Montana,2355,2508,2589,2654,2850,2908,3157,3349,3592,3858,4208,4463,4795,5061,5432,5743,6083,6373,6701,7034,7301,7645,7994,8221,5.6
1,Personal Health Care ($),State,4,Plains,Nebraska,2375,2552,2677,2825,2958,3181,3333,3554,3790,4143,4562,4873,5223,5596,5956,6374,6663,6981,7193,7524,7715,7979,8133,8412,5.7
1,Personal Health Care ($),State,8,Far West,Nevada,2381,2564,2619,2736,2785,2862,2954,3073,3230,3448,3717,4094,4398,4701,4932,5150,5430,5618,5700,5790,5959,6026,6275,6714,4.6
1,Personal Health Care ($),State,1,New England,New Hampshire,2457,2681,2772,2888,3146,3374,3527,3769,4015,4245,4522,4818,5227,5732,6271,6733,7194,7574,8134,8466,8766,9048,9369,9589,6.1
1,Personal Health Care ($),State,2,Mideast,New Jersey,2956,3197,3346,3548,3749,3855,4027,4224,4382,4741,4990,5387,5679,6006,6434,6727,7098,7319,7727,7778,7947,8269,8444,8859,4.9
1,Personal Health Care ($),State,6,Southwest,New Mexico,2240,2396,2487,2569,2740,2905,3063,3172,3320,3459,3717,3992,4218,4603,5021,5258,5572,5916,6214,6439,6567,6771,6860,7214,5.2
1,Personal Health Care ($),State,2,Mideast,New York,3205,3435,3648,3836,4021,4215,4378,4617,4855,5086,5480,5884,6388,6783,7096,7518,7872,8098,8542,8795,9016,9076,9351,9778,5
1,Personal Health Care ($),State,5,Southeast,North Carolina,2263,2444,2621,2785,2959,3157,3339,3441,3670,3957,4363,4578,4900,5265,5559,5853,6014,6213,6533,6615,6808,7073,7027,7264,5.2
1,Personal Health Care ($),State,4,Plains,North Dakota,2688,2891,3027,3220,3490,3636,3769,4023,4165,4418,4836,5324,5524,5880,6205,6573,7010,7439,7919,8325,8758,8977,9385,9851,5.8
1,Personal Health Care ($),State,3,Great Lakes,Ohio,2681,2895,3054,3174,3335,3536,3631,3759,3954,4226,4661,5048,5429,5793,6125,6387,6660,6846,7322,7525,7652,8072,8286,8712,5.3
1,Personal Health Care ($),State,6,Southwest,Oklahoma,2366,2539,2632,2800,2996,3171,3265,3401,3569,3765,4106,4360,4751,4971,5366,5680,6033,6366,6504,6648,6921,7175,7293,7627,5.2
1,Personal Health Care ($),State,8,Far West,Oregon,2308,2493,2601,2685,2833,2935,3092,3391,3565,3752,4155,4399,4677,5034,5395,5742,5981,6206,6484,6729,6971,7119,7467,8044,5.6
1,Personal Health Care ($),State,2,Mideast,Pennsylvania,3019,3250,3415,3537,3721,3813,4026,4187,4458,4735,5091,5413,5813,6191,6596,6880,7246,7489,7701,8121,8432,8632,8877,9258,5
1,Personal Health Care ($),State,1,New England,Rhode Island,2936,3165,3345,3390,3748,3869,4083,4325,4514,4810,5188,5607,6026,6498,7020,7351,7751,8079,8393,8569,8782,8961,9160,9551,5.3
1,Personal Health Care ($),State,5,Southeast,South Carolina,2262,2439,2603,2756,2899,3026,3284,3425,3634,3862,4238,4549,4834,5138,5403,5654,5889,6159,6363,6554,6707,6853,7020,7311,5.2
1,Personal Health Care ($),State,4,Plains,South Dakota,2426,2560,2664,2859,3075,3280,3487,3657,3954,4161,4379,4834,5180,5425,5885,6257,6579,6953,7335,7704,8065,8335,8547,8933,5.8
1,Personal Health Care ($),State,5,Southeast,Tennessee,2556,2768,2952,3059,3267,3434,3604,3716,3849,4104,4494,4702,5093,5523,5773,5950,6219,6305,6499,6626,6742,7007,7106,7372,4.7
1,Personal Health Care ($),State,6,Southwest,Texas,2355,2531,2653,2719,2871,3017,3204,3329,3496,3656,3941,4256,4451,4679,5060,5276,5495,5758,6004,6162,6328,6559,6661,6998,4.8
1,Personal Health Care ($),State,7,Rocky Mountains,Utah,1979,2066,2182,2223,2334,2492,2689,2765,2795,3031,3293,3610,3859,4144,4399,4581,4799,4990,5101,5171,5341,5543,5658,5982,4.9
1,Personal Health Care ($),State,1,New England,Vermont,2340,2481,2634,2784,3045,3189,3393,3618,3950,4342,4722,5169,5739,6134,6568,6934,7295,7623,8111,8488,8874,9302,9919,10190,6.6
1,Personal Health Care ($),State,5,Southeast,Virginia,2353,2432,2555,2675,2795,2956,3113,3245,3387,3671,3857,4186,4539,4878,5167,5462,5776,6104,6452,6610,6877,7145,7306,7556,5.2
1,Personal Health Care ($),State,8,Far West,Washington,2522,2685,2751,2847,3013,3081,3168,3422,3681,3870,4171,4528,4867,5127,5450,5729,6128,6487,6838,6981,7119,7461,7609,7913,5.1
1,Personal Health Care ($),State,5,Southeast,West Virginia,2597,2856,3054,3236,3457,3638,3865,4045,4234,4471,4887,5258,5643,6034,6396,6706,7086,7326,7772,7960,8268,8764,8969,9462,5.8
1,Personal Health Care ($),State,3,Great Lakes,Wisconsin,2557,2720,2878,3025,3202,3385,3537,3707,4008,4311,4752,5085,5409,5782,6144,6539,6867,7169,7512,7709,7971,8061,8189,8702,5.5
1,Personal Health Care ($),State,7,Rocky Mountains,Wyoming,2227,2289,2475,2634,2841,3024,3203,3444,3626,3960,4270,4692,4990,5287,5683,6145,6545,6811,6972,7301,7554,7833,7961,8320,5.9
2,Hospital Care ($),United States,0,United States,,1090,1164,1215,1248,1274,1302,1333,1359,1411,1473,1577,1691,1813,1931,2059,2183,2297,2386,2542,2659,2734,2875,2966,3079,4.6
2,Hospital Care ($),Region,1,New England,,1227,1305,1368,1401,1419,1453,1508,1555,1601,1677,1815,1972,2179,2343,2475,2717,2901,3040,3259,3407,3495,3608,3701,3780,5
2,Hospital Care ($),Region,2,Mideast,,1296,1389,1463,1514,1538,1550,1575,1589,1633,1710,1808,1934,2084,2225,2362,2518,2644,2708,2876,2999,3085,3207,3321,3433,4.3
2,Hospital Care ($),Region,3,Great Lakes,,1120,1192,1251,1298,1339,1378,1424,1440,1500,1563,1667,1787,1923,2077,2232,2390,2543,2612,2820,2959,3035,3233,3321,3491,5.1
2,Hospital Care ($),Region,4,Plains,,1053,1125,1173,1242,1286,1330,1394,1422,1500,1573,1700,1839,1976,2106,2274,2391,2561,2711,2840,2953,3065,3202,3292,3431,5.3
2,Hospital Care ($),Region,5,Southeast,,1064,1136,1184,1215,1253,1297,1335,1354,1397,1459,1549,1649,1750,1854,1961,2066,2148,2206,2349,2431,2472,2627,2695,2807,4.3
2,Hospital Care ($),Region,6,Southwest,,973,1052,1097,1103,1117,1148,1167,1206,1246,1293,1406,1536,1628,1707,1864,1935,2020,2136,2270,2370,2419,2549,2614,2703,4.5
2,Hospital Care ($),Region,7,Rocky Mountains,,906,954,971,984,1028,1053,1101,1121,1160,1248,1352,1448,1550,1670,1762,1877,1986,2083,2228,2349,2438,2550,2682,2833,5.1
2,Hospital Care ($),Region,8,Far West,,958,1018,1053,1066,1069,1071,1071,1120,1188,1236,1347,1441,1548,1645,1750,1852,1958,2086,2216,2371,2490,2609,2733,2817,4.8
2,Hospital Care ($),State,5,Southeast,Alabama,1092,1201,1225,1257,1345,1411,1405,1379,1407,1448,1505,1590,1680,1757,1919,1980,2007,2031,2158,2201,2248,2440,2573,2625,3.9
2,Hospital Care ($),State,8,Far West,Alaska,1105,1155,1210,1251,1402,1536,1638,1650,1753,1947,2194,2287,2410,2527,2906,3131,3364,3659,3815,3996,4112,4198,4379,4715,6.5
2,Hospital Care ($),State,6,Southwest,Arizona,902,938,950,964,956,958,973,1010,1026,1086,1136,1271,1401,1492,1739,1796,1897,1981,2125,2223,2206,2267,2334,2337,4.2
2,Hospital Care ($),State,5,Southeast,Arkansas,1008,1070,1102,1131,1190,1263,1301,1353,1382,1443,1576,1694,1777,1844,1958,2011,2077,2190,2297,2357,2407,2530,2558,2673,4.3
2,Hospital Care ($),State,8,Far West,California,981,1038,1074,1081,1075,1066,1061,1121,1178,1223,1330,1414,1520,1615,1709,1812,1898,2015,2134,2310,2451,2561,2695,2753,4.6
2,Hospital Care ($),State,7,Rocky Mountains,Colorado,964,1012,1017,1021,1056,1063,1079,1101,1147,1240,1352,1444,1543,1669,1700,1834,1952,2049,2209,2326,2363,2439,2600,2739,4.6
2,Hospital Care ($),State,1,New England,Connecticut,1178,1246,1284,1319,1306,1333,1371,1422,1461,1491,1605,1733,1852,2001,2021,2211,2310,2450,2684,2830,2981,3115,3268,3326,4.6
2,Hospital Care ($),State,2,Mideast,Delaware,1165,1242,1351,1417,1469,1416,1533,1554,1610,1617,1730,1885,2142,2305,2527,2672,2861,2951,3043,3368,3528,3680,3922,4078,5.6
2,Hospital Care ($),State,2,Mideast,District of Columbia,2413,2662,2834,2851,2838,3030,3039,3129,3195,3057,3214,3430,3694,4030,4410,4541,4680,4796,4952,4916,5088,5113,5181,5233,3.4
2,Hospital Care ($),State,5,Southeast,Florida,1109,1169,1210,1221,1238,1276,1311,1317,1362,1435,1515,1635,1712,1801,1882,1992,2079,2138,2306,2408,2404,2559,2592,2732,4
2,Hospital Care ($),State,5,Southeast,Georgia,1064,1131,1187,1203,1221,1245,1248,1268,1276,1340,1409,1485,1580,1650,1746,1817,1873,1881,1989,2015,2050,2198,2340,2446,3.7
2,Hospital Care ($),State,8,Far West,Hawaii,1051,1125,1213,1278,1327,1416,1347,1332,1388,1428,1577,1614,1747,1787,1951,2009,2139,2313,2412,2421,2395,2605,2689,2764,4.3
2,Hospital Care ($),State,7,Rocky Mountains,Idaho,832,893,907,934,978,1043,1077,1138,1198,1245,1350,1466,1561,1610,1755,1885,1992,2011,2162,2316,2523,2748,2860,3038,5.8
2,Hospital Care ($),State,3,Great Lakes,Illinois,1222,1301,1352,1398,1429,1452,1494,1510,1558,1626,1716,1822,1937,2044,2184,2322,2530,2583,2698,2836,2916,3034,3188,3380,4.5
2,Hospital Care ($),State,3,Great Lakes,Indiana,1034,1112,1186,1215,1246,1200,1336,1387,1460,1527,1598,1717,1859,2045,2124,2288,2455,2478,2756,2857,2999,3375,3320,3492,5.4
2,Hospital Care ($),State,4,Plains,Iowa,1078,1126,1174,1251,1304,1370,1422,1496,1577,1641,1753,1868,1971,2083,2239,2385,2494,2598,2723,2852,2944,3064,3154,3292,5
2,Hospital Care ($),State,4,Plains,Kansas,1062,1146,1177,1245,1296,1323,1368,1373,1469,1461,1550,1632,1740,1885,2024,2170,2297,2403,2490,2560,2650,2828,2827,2964,4.6
2,Hospital Care ($),State,5,Southeast,Kentucky,1052,1136,1175,1200,1239,1307,1394,1438,1469,1554,1666,1788,1856,1999,2200,2355,2435,2494,2691,2790,2886,2942,3078,3217,5
2,Hospital Care ($),State,5,Southeast,Louisiana,1182,1255,1339,1408,1451,1461,1503,1541,1588,1578,1697,1805,1916,2026,2092,2243,2347,2452,2630,2804,2735,2773,2907,3050,4.2
2,Hospital Care ($),State,1,New England,Maine,998,1055,1116,1178,1266,1353,1421,1478,1559,1655,1778,1917,2109,2311,2541,2733,2893,3076,3221,3455,3679,3817,3838,3953,6.2
2,Hospital Care ($),State,2,Mideast,Maryland,1126,1192,1258,1284,1326,1372,1396,1405,1450,1510,1639,1758,1913,2072,2229,2373,2536,2684,2810,2930,3049,3109,3158,3283,4.8
2,Hospital Care ($),State,1,New England,Massachusetts,1387,1478,1560,1591,1586,1625,1682,1742,1772,1861,2030,2205,2459,2624,2777,3055,3287,3401,3602,3718,3725,3817,3872,3933,4.6
2,Hospital Care ($),State,3,Great Lakes,Michigan,1117,1176,1239,1308,1380,1432,1461,1477,1516,1557,1617,1717,1850,2015,2181,2360,2516,2586,2710,2887,2977,3107,3147,3256,4.8
2,Hospital Care ($),State,4,Plains,Minnesota,920,964,975,1045,1086,1095,1226,1220,1324,1418,1535,1718,1823,1970,2141,2282,2403,2496,2669,2796,2959,3057,3232,3373,5.8
2,Hospital Care ($),State,5,Southeast,Mississippi,1001,1079,1140,1217,1343,1411,1418,1491,1512,1582,1711,1829,1930,2106,2173,2355,2536,2664,2715,2659,2713,3107,3146,3228,5.2
2,Hospital Care ($),State,4,Plains,Missouri,1152,1251,1340,1402,1423,1465,1495,1534,1573,1655,1787,1924,2141,2256,2408,2424,2729,2963,3036,3117,3193,3369,3390,3492,4.9
2,Hospital Care ($),State,7,Rocky Mountains,Montana,1000,1053,1082,1107,1197,1158,1321,1417,1520,1588,1718,1802,1932,2081,2309,2459,2578,2712,2911,3106,3239,3390,3664,3722,5.9
2,Hospital Care ($),State,4,Plains,Nebraska,1024,1103,1157,1216,1271,1381,1396,1431,1539,1692,1867,1973,2090,2231,2453,2671,2750,2897,3001,3148,3175,3265,3341,3492,5.5
2,Hospital Care ($),State,8,Far West,Nevada,866,907,939,969,951,970,955,979,1036,1079,1182,1329,1365,1480,1541,1618,1753,1889,1926,1971,2038,2032,2206,2376,4.5
2,Hospital Care ($),State,1,New England,New Hampshire,968,1066,1132,1100,1143,1159,1183,1198,1265,1356,1454,1620,1828,1995,2188,2466,2688,2830,3151,3363,3456,3542,3674,3771,6.1
2,Hospital Care ($),State,2,Mideast,New Jersey,1167,1266,1359,1419,1400,1393,1414,1444,1431,1570,1610,1765,1880,1952,2032,2125,2222,2226,2485,2519,2536,2748,2822,2915,4.1
2,Hospital Care ($),State,6,Southwest,New Mexico,1013,1089,1134,1140,1147,1178,1252,1300,1391,1384,1479,1560,1580,1732,1982,2015,2156,2426,2623,2777,2791,2889,2973,3166,5.1
2,Hospital Care ($),State,2,Mideast,New York,1355,1431,1512,1600,1619,1663,1674,1689,1756,1816,1921,2052,2224,2379,2487,2675,2792,2842,3052,3165,3226,3362,3501,3633,4.4
2,Hospital Care ($),State,5,Southeast,North Carolina,948,1026,1072,1123,1184,1248,1296,1309,1383,1472,1549,1633,1769,1899,1989,2108,2135,2171,2321,2424,2536,2727,2682,2779,4.8
2,Hospital Care ($),State,4,Plains,North Dakota,1055,1157,1236,1333,1445,1524,1649,1726,1757,1793,2006,2241,2218,2343,2489,2635,2778,2978,3370,3473,3803,3910,4215,4479,6.5
2,Hospital Care ($),State,3,Great Lakes,Ohio,1120,1203,1263,1304,1344,1409,1426,1408,1477,1539,1705,1831,1987,2172,2389,2546,2646,2729,3085,3189,3196,3494,3650,3809,5.5
2,Hospital Care ($),State,6,Southwest,Oklahoma,990,1056,1091,1135,1188,1240,1234,1276,1333,1385,1490,1587,1820,1882,2090,2178,2289,2419,2460,2585,2728,2868,2964,3118,5.1
2,Hospital Care ($),State,8,Far West,Oregon,808,887,929,940,973,989,1029,1085,1149,1233,1364,1477,1553,1682,1826,1934,2032,2103,2266,2435,2513,2586,2699,2940,5.8
2,Hospital Care ($),State,2,Mideast,Pennsylvania,1313,1430,1480,1483,1537,1497,1542,1543,1590,1670,1781,1881,2005,2156,2356,2513,2651,2735,2799,2992,3136,3205,3329,3416,4.2
2,Hospital Care ($),State,1,New England,Rhode Island,1159,1213,1257,1303,1396,1407,1514,1500,1537,1633,1768,1927,2080,2258,2374,2548,2693,2894,3069,3189,3321,3396,3469,3617,5.1
2,Hospital Care ($),State,5,Southeast,South Carolina,1050,1129,1197,1272,1295,1299,1408,1429,1486,1550,1653,1777,1883,1972,2065,2165,2276,2425,2560,2669,2727,2769,2837,2933,4.6
2,Hospital Care ($),State,4,Plains,South Dakota,1110,1153,1175,1247,1344,1414,1478,1504,1604,1667,1826,1993,2144,2275,2594,2824,2930,3138,3391,3648,3853,4000,4169,4415,6.2
2,Hospital Care ($),State,5,Southeast,Tennessee,1103,1208,1261,1264,1243,1298,1322,1318,1369,1451,1529,1609,1709,1812,1932,2037,2130,2105,2167,2253,2288,2448,2540,2617,3.8
2,Hospital Care ($),State,6,Southwest,Texas,982,1074,1128,1126,1140,1175,1194,1233,1273,1320,1452,1591,1658,1731,1851,1927,2000,2110,2250,2342,2397,2545,2605,2698,4.5
2,Hospital Care ($),State,7,Rocky Mountains,Utah,767,819,847,852,884,939,1005,965,936,1042,1121,1213,1310,1447,1551,1595,1668,1796,1888,1949,2039,2133,2169,2351,5
2,Hospital Care ($),State,1,New England,Vermont,927,993,1046,1111,1211,1205,1269,1319,1474,1570,1656,1819,2156,2306,2565,2885,3070,3262,3578,3796,4011,4257,4527,4670,7.3
2,Hospital Care ($),State,5,Southeast,Virginia,993,1027,1065,1082,1127,1170,1213,1240,1299,1336,1425,1508,1646,1774,1908,1996,2117,2212,2381,2461,2539,2706,2789,2912,4.8
2,Hospital Care ($),State,8,Far West,Washington,889,962,975,1013,1031,1053,1066,1084,1222,1247,1354,1492,1642,1736,1856,1953,2146,2336,2554,2649,2724,2949,3003,3090,5.6
2,Hospital Care ($),State,5,Southeast,West Virginia,1168,1273,1339,1395,1461,1534,1617,1689,1750,1825,1992,2102,2260,2434,2630,2754,2921,2999,3255,3351,3452,3758,3876,4037,5.5
2,Hospital Care ($),State,3,Great Lakes,Wisconsin,982,1037,1082,1130,1147,1237,1291,1343,1434,1516,1648,1822,1966,2106,2228,2392,2506,2638,2824,3011,3120,3206,3253,3502,5.7
2,Hospital Care ($),State,7,Rocky Mountains,Wyoming,1016,1016,1079,1133,1221,1290,1347,1404,1524,1633,1743,1887,2010,2136,2347,2543,2744,2864,3029,3287,3441,3607,3789,4001,6.1
3,Physician & Clinical Services ($),United States,0,United States,,695,741,775,800,827,848,877,931,968,1023,1099,1176,1259,1333,1401,1460,1522,1588,1626,1659,1721,1777,1801,1874,4.4
3,Physician & Clinical Services ($),Region,1,New England,,694,743,790,809,859,880,935,1014,1041,1113,1213,1306,1366,1458,1523,1618,1718,1810,1882,1915,1992,2066,2089,2138,5
3,Physician & Clinical Services ($),Region,2,Mideast,,707,764,797,841,873,884,912,956,1013,1076,1161,1234,1315,1383,1448,1524,1615,1695,1747,1775,1849,1915,1961,2033,4.7
3,Physician & Clinical Services ($),Region,3,Great Lakes,,645,684,719,746,766,784,798,849,896,959,1046,1129,1199,1262,1327,1397,1458,1526,1574,1617,1682,1755,1778,1854,4.7
3,Physician & Clinical Services ($),Region,4,Plains,,590,643,680,719,742,773,792,891,910,994,1054,1127,1202,1248,1265,1314,1393,1441,1467,1512,1570,1615,1620,1651,4.6
3,Physician & Clinical Services ($),Region,5,Southeast,,683,720,762,785,808,829,871,908,952,1027,1111,1179,1271,1358,1395,1459,1494,1564,1601,1618,1683,1751,1776,1857,4.4
3,Physician & Clinical Services ($),Region,6,Southwest,,639,677,694,710,744,764,809,849,919,949,1023,1127,1163,1237,1361,1380,1392,1448,1491,1511,1576,1623,1634,1699,4.3
3,Physician & Clinical Services ($),Region,7,Rocky Mountains,,589,624,638,650,669,690,730,816,833,908,955,1048,1139,1194,1226,1301,1321,1356,1373,1381,1414,1434,1444,1504,4.2
3,Physician & Clinical Services ($),Region,8,Far West,,850,909,940,952,983,1011,1020,1091,1076,1085,1138,1201,1320,1404,1515,1562,1666,1724,1736,1799,1848,1876,1902,1997,3.8
3,Physician & Clinical Services ($),State,5,Southeast,Alabama,708,709,766,815,813,825,891,950,961,1022,1086,1182,1413,1436,1446,1451,1468,1522,1551,1563,1607,1662,1666,1739,4
3,Physician & Clinical Services ($),State,8,Far West,Alaska,706,717,752,761,816,893,943,1042,1101,1192,1389,1640,1756,1911,2075,2128,2241,2324,2467,2598,2822,3069,3179,3368,7
3,Physician & Clinical Services ($),State,6,Southwest,Arizona,762,775,817,790,776,791,806,843,887,890,968,1092,1127,1212,1276,1322,1388,1478,1532,1566,1653,1693,1713,1774,3.7
3,Physician & Clinical Services ($),State,5,Southeast,Arkansas,626,628,673,692,708,693,745,752,816,878,931,1009,1091,1181,1287,1334,1395,1427,1424,1399,1449,1485,1497,1635,4.3
3,Physician & Clinical Services ($),State,8,Far West,California,905,970,1008,1019,1045,1076,1082,1132,1105,1099,1134,1188,1307,1389,1508,1549,1676,1734,1730,1809,1852,1877,1897,1983,3.5
3,Physician & Clinical Services ($),State,7,Rocky Mountains,Colorado,674,723,722,756,769,785,819,946,960,1053,1090,1178,1304,1348,1357,1467,1449,1476,1481,1468,1509,1523,1516,1602,3.8
3,Physician & Clinical Services ($),State,1,New England,Connecticut,813,846,860,911,999,1001,1048,1125,1132,1208,1327,1401,1455,1575,1550,1647,1758,1853,1909,1938,1995,2093,2103,2186,4.4
3,Physician & Clinical Services ($),State,2,Mideast,Delaware,738,776,803,863,874,893,961,995,1161,1213,1277,1431,1625,1682,1722,1768,1837,1967,2031,2059,2167,2210,2173,2259,5
3,Physician & Clinical Services ($),State,2,Mideast,District of Columbia,1017,1122,1130,1168,1194,1137,1120,1117,1151,1242,1389,1531,1611,1799,1647,1646,1790,1913,1901,1958,2118,2181,2306,2457,3.9
3,Physician & Clinical Services ($),State,5,Southeast,Florida,915,971,1003,1019,1006,1014,1041,1060,1114,1209,1309,1386,1498,1593,1659,1728,1796,1917,1959,1959,2042,2105,2117,2192,3.9
3,Physician & Clinical Services ($),State,5,Southeast,Georgia,687,736,768,765,835,855,888,938,964,965,1027,1145,1166,1304,1292,1415,1416,1449,1466,1484,1560,1649,1681,1817,4.3
3,Physician & Clinical Services ($),State,8,Far West,Hawaii,742,770,826,919,1019,1122,1113,1201,1163,1157,1124,1218,1299,1342,1388,1458,1636,1663,1701,1709,1781,1829,1850,1922,4.2
3,Physician & Clinical Services ($),State,7,Rocky Mountains,Idaho,552,573,604,596,634,655,696,736,766,808,848,930,977,1042,1107,1155,1181,1236,1263,1272,1285,1256,1281,1325,3.9
3,Physician & Clinical Services ($),State,3,Great Lakes,Illinois,654,698,740,773,792,818,840,911,927,1000,1053,1167,1238,1290,1348,1434,1503,1562,1613,1669,1720,1786,1816,1876,4.7
3,Physician & Clinical Services ($),State,3,Great Lakes,Indiana,592,640,694,706,703,726,746,825,880,921,1025,1078,1162,1243,1325,1407,1438,1486,1494,1545,1625,1729,1788,1841,5.1
3,Physician & Clinical Services ($),State,4,Plains,Iowa,547,596,638,668,677,700,720,820,851,900,977,1008,1129,1155,1191,1229,1272,1347,1373,1400,1430,1475,1490,1553,4.6
3,Physician & Clinical Services ($),State,4,Plains,Kansas,675,716,744,783,830,855,871,958,963,1086,1164,1240,1361,1433,1487,1508,1571,1635,1650,1662,1731,1740,1670,1702,4.1
3,Physician & Clinical Services ($),State,5,Southeast,Kentucky,577,628,657,679,746,773,808,841,942,1057,1093,1173,1259,1307,1312,1344,1355,1401,1438,1463,1546,1636,1719,1830,5.1
3,Physician & Clinical Services ($),State,5,Southeast,Louisiana,644,689,713,726,728,743,788,858,942,1006,1032,1081,1185,1267,1226,1346,1397,1459,1506,1517,1502,1525,1617,1719,4.4
3,Physician & Clinical Services ($),State,1,New England,Maine,524,578,628,613,659,696,760,820,913,997,1129,1200,1288,1336,1382,1389,1429,1470,1538,1548,1570,1619,1629,1684,5.2
3,Physician & Clinical Services ($),State,2,Mideast,Maryland,786,828,877,948,940,963,978,947,1071,1142,1196,1285,1373,1463,1495,1587,1671,1748,1801,1839,1900,1987,2024,2113,4.4
3,Physician & Clinical Services ($),State,1,New England,Massachusetts,710,770,837,841,866,890,959,1041,1055,1124,1216,1348,1405,1479,1581,1709,1836,1942,2023,2057,2151,2220,2240,2264,5.2
3,Physician & Clinical Services ($),State,3,Great Lakes,Michigan,643,662,678,707,731,749,764,799,847,888,940,994,1045,1106,1167,1231,1273,1371,1454,1503,1599,1652,1662,1738,4.4
3,Physician & Clinical Services ($),State,4,Plains,Minnesota,629,683,766,805,865,922,913,1075,1070,1167,1265,1295,1363,1399,1448,1514,1589,1596,1618,1670,1643,1694,1715,1759,4.6
3,Physician & Clinical Services ($),State,5,Southeast,Mississippi,520,512,572,588,634,664,736,734,740,854,952,1019,1079,1084,1188,1273,1313,1367,1411,1435,1498,1563,1532,1565,4.9
3,Physician & Clinical Services ($),State,4,Plains,Missouri,559,621,629,679,670,693,731,800,826,904,916,1035,1059,1098,1062,1095,1201,1241,1278,1336,1464,1513,1533,1542,4.5
3,Physician & Clinical Services ($),State,7,Rocky Mountains,Montana,534,566,571,543,589,627,664,691,737,816,902,1019,1097,1160,1182,1241,1307,1362,1432,1477,1562,1620,1619,1658,5
3,Physician & Clinical Services ($),State,4,Plains,Nebraska,519,574,597,624,608,622,656,730,756,837,932,1022,1120,1221,1230,1321,1395,1496,1506,1557,1672,1733,1745,1758,5.4
3,Physician & Clinical Services ($),State,8,Far West,Nevada,792,855,854,849,873,877,933,983,984,1060,1133,1223,1385,1480,1564,1585,1610,1624,1647,1640,1677,1696,1748,1872,3.8
3,Physician & Clinical Services ($),State,1,New England,New Hampshire,591,652,677,730,787,855,886,1011,1102,1141,1212,1194,1255,1417,1509,1580,1685,1781,1882,1951,2057,2124,2176,2227,5.9
3,Physician & Clinical Services ($),State,2,Mideast,New Jersey,768,862,864,914,993,986,1026,1067,1124,1230,1312,1390,1414,1491,1614,1683,1858,1960,2011,2020,2111,2212,2284,2369,5
3,Physician & Clinical Services ($),State,6,Southwest,New Mexico,525,584,598,613,646,707,743,775,771,802,835,885,963,1051,1087,1160,1226,1267,1362,1374,1479,1552,1560,1591,4.9
3,Physician & Clinical Services ($),State,2,Mideast,New York,657,727,765,795,833,849,877,950,963,1006,1114,1178,1269,1317,1376,1487,1532,1590,1646,1673,1731,1769,1814,1873,4.7
3,Physician & Clinical Services ($),State,5,Southeast,North Carolina,548,594,654,683,693,729,761,785,849,914,1077,1082,1121,1188,1260,1292,1303,1358,1403,1431,1492,1571,1572,1612,4.8
3,Physician & Clinical Services ($),State,4,Plains,North Dakota,662,710,712,731,811,795,769,810,805,853,905,982,1090,1172,1212,1254,1362,1457,1451,1525,1564,1677,1686,1713,4.2
3,Physician & Clinical Services ($),State,3,Great Lakes,Ohio,671,705,730,751,766,788,785,823,862,940,1052,1132,1206,1262,1301,1328,1393,1448,1490,1534,1587,1689,1698,1779,4.3
3,Physician & Clinical Services ($),State,6,Southwest,Oklahoma,582,631,644,673,699,726,782,823,883,934,1047,1092,1144,1155,1232,1298,1379,1416,1444,1447,1529,1553,1582,1651,4.6
3,Physician & Clinical Services ($),State,8,Far West,Oregon,626,679,698,715,752,760,808,968,975,979,1136,1149,1292,1412,1510,1610,1585,1651,1632,1652,1725,1744,1802,1879,4.9
3,Physician & Clinical Services ($),State,2,Mideast,Pennsylvania,693,714,753,800,811,822,850,883,974,1035,1097,1163,1257,1336,1394,1420,1526,1617,1668,1704,1786,1865,1901,1967,4.6
3,Physician & Clinical Services ($),State,1,New England,Rhode Island,633,669,730,735,807,798,809,860,873,944,1008,1078,1139,1227,1370,1430,1475,1546,1601,1623,1678,1746,1772,1855,4.8
3,Physician & Clinical Services ($),State,5,Southeast,South Carolina,521,555,598,624,652,679,732,781,835,881,998,1079,1155,1250,1266,1327,1359,1390,1400,1409,1466,1503,1560,1618,5.1
3,Physician & Clinical Services ($),State,4,Plains,South Dakota,532,571,603,644,674,716,798,854,980,1049,986,1125,1195,1203,1191,1300,1369,1450,1514,1553,1603,1622,1616,1635,5
3,Physician & Clinical Services ($),State,5,Southeast,Tennessee,638,676,735,762,861,891,950,1023,1041,1118,1256,1223,1331,1478,1505,1519,1523,1587,1625,1675,1716,1791,1813,1880,4.8
3,Physician & Clinical Services ($),State,6,Southwest,Texas,633,672,684,708,752,769,820,861,946,979,1050,1162,1192,1271,1426,1426,1408,1460,1499,1518,1571,1621,1628,1695,4.4
3,Physician & Clinical Services ($),State,7,Rocky Mountains,Utah,495,516,544,545,547,571,619,669,673,711,762,853,918,988,1045,1077,1141,1160,1178,1198,1211,1246,1293,1319,4.4
3,Physician & Clinical Services ($),State,1,New England,Vermont,512,539,574,600,635,676,733,786,830,959,1084,1179,1258,1322,1360,1399,1373,1425,1455,1485,1577,1642,1706,1750,5.5
3,Physician & Clinical Services ($),State,5,Southeast,Virginia,644,651,684,726,720,756,793,838,837,955,956,1064,1189,1264,1297,1377,1433,1526,1590,1627,1715,1791,1811,1877,4.8
3,Physician & Clinical Services ($),State,8,Far West,Washington,699,742,744,751,796,808,807,946,973,1050,1134,1253,1351,1418,1503,1560,1623,1699,1793,1824,1868,1900,1924,2064,4.8
3,Physician & Clinical Services ($),State,5,Southeast,West Virginia,598,668,703,743,770,793,847,874,921,998,1094,1181,1225,1272,1297,1323,1361,1416,1489,1509,1579,1660,1709,1807,4.9
3,Physician & Clinical Services ($),State,3,Great Lakes,Wisconsin,632,696,753,789,841,830,853,876,1008,1078,1237,1344,1416,1504,1626,1745,1838,1924,1953,1951,1996,2029,2040,2168,5.5
3,Physician & Clinical Services ($),State,7,Rocky Mountains,Wyoming,508,526,573,586,627,637,688,798,805,953,1018,1157,1211,1260,1322,1404,1474,1566,1565,1636,1676,1732,1699,1771,5.6
4,Other Professional Services ($),United States,0,United States,,73,81,88,91,100,107,115,121,124,130,141,151,160,171,179,185,199,212,219,226,233,243,249,260,5.7
4,Other Professional Services ($),Region,1,New England,,80,94,99,101,112,125,143,151,155,160,174,184,196,209,216,224,241,256,267,273,280,288,294,307,6
4,Other Professional Services ($),Region,2,Mideast,,86,93,102,107,116,124,133,145,154,160,175,183,191,205,213,220,236,249,259,271,282,292,299,310,5.7
4,Other Professional Services ($),Region,3,Great Lakes,,65,73,86,87,97,105,111,115,115,122,133,143,156,167,177,185,197,211,216,223,235,250,258,274,6.4
4,Other Professional Services ($),Region,4,Plains,,63,70,72,77,89,97,106,113,116,125,131,140,153,167,177,183,196,209,213,222,230,245,250,257,6.3
4,Other Professional Services ($),Region,5,Southeast,,59,68,75,80,87,95,102,106,106,110,120,130,140,151,161,167,181,194,201,208,215,223,228,238,6.2
4,Other Professional Services ($),Region,6,Southwest,,65,71,75,75,86,92,100,104,109,114,121,127,131,140,145,151,162,173,179,188,197,208,212,223,5.5
4,Other Professional Services ($),Region,7,Rocky Mountains,,74,80,87,90,105,114,119,128,139,146,158,168,177,185,188,193,205,220,222,233,252,264,277,294,6.2
4,Other Professional Services ($),Region,8,Far West,,96,104,108,109,115,118,122,129,131,138,151,164,175,183,184,193,209,222,229,227,226,232,237,245,4.2
4,Other Professional Services ($),State,5,Southeast,Alabama,44,50,53,55,67,76,88,91,88,93,94,101,109,121,125,125,132,139,143,147,148,157,167,170,6
4,Other Professional Services ($),State,8,Far West,Alaska,87,96,100,94,107,116,124,127,141,169,192,202,225,250,263,264,295,322,343,341,378,406,435,465,7.6
4,Other Professional Services ($),State,6,Southwest,Arizona,73,77,81,84,93,98,102,105,106,110,118,132,139,158,166,176,189,203,208,211,221,225,235,248,5.5
4,Other Professional Services ($),State,5,Southeast,Arkansas,55,64,66,71,83,86,101,106,114,113,122,129,136,146,150,153,173,185,189,202,220,231,246,262,7
4,Other Professional Services ($),State,8,Far West,California,100,108,111,112,116,119,124,130,130,136,149,161,171,177,174,182,196,208,214,208,205,209,209,217,3.4
4,Other Professional Services ($),State,7,Rocky Mountains,Colorado,89,95,101,102,122,137,138,146,155,167,182,197,201,204,200,203,218,236,235,248,272,286,304,325,5.8
4,Other Professional Services ($),State,1,New England,Connecticut,82,112,117,111,121,135,165,176,177,187,201,211,220,233,237,239,261,276,288,288,290,298,304,322,6.2
4,Other Professional Services ($),State,2,Mideast,Delaware,80,93,102,114,112,103,117,122,136,147,174,190,196,213,226,220,235,249,263,282,296,325,340,348,6.6
4,Other Professional Services ($),State,2,Mideast,District of Columbia,75,110,111,112,127,131,138,149,149,144,146,161,167,170,172,180,189,197,194,194,204,213,213,223,4.9
4,Other Professional Services ($),State,5,Southeast,Florida,84,99,108,115,122,132,142,147,144,148,166,174,184,195,213,214,230,253,266,275,283,284,289,301,5.7
4,Other Professional Services ($),State,5,Southeast,Georgia,63,73,78,81,83,88,95,94,95,99,106,117,132,141,150,156,172,177,177,188,192,201,206,211,5.4
4,Other Professional Services ($),State,8,Far West,Hawaii,81,90,98,99,98,92,89,97,104,118,131,154,160,176,183,182,208,215,219,213,214,218,222,233,4.7
4,Other Professional Services ($),State,7,Rocky Mountains,Idaho,67,74,80,86,99,104,112,120,131,143,149,158,177,198,205,215,226,240,252,260,275,275,292,302,6.7
4,Other Professional Services ($),State,3,Great Lakes,Illinois,64,72,80,85,93,101,107,113,114,125,137,148,171,179,193,208,228,246,254,274,288,304,314,339,7.5
4,Other Professional Services ($),State,3,Great Lakes,Indiana,58,64,71,76,86,91,95,102,98,102,115,122,130,141,143,149,157,170,176,183,199,217,229,242,6.4
4,Other Professional Services ($),State,4,Plains,Iowa,74,75,80,84,95,101,106,113,117,119,130,139,154,168,176,182,195,204,211,221,229,241,252,262,5.7
4,Other Professional Services ($),State,4,Plains,Kansas,71,78,80,82,93,96,107,116,119,123,134,140,153,169,182,185,199,217,221,228,234,254,262,267,5.9
4,Other Professional Services ($),State,5,Southeast,Kentucky,49,55,62,67,77,85,93,98,103,115,121,131,142,154,157,163,172,184,190,200,208,215,218,228,6.9
4,Other Professional Services ($),State,5,Southeast,Louisiana,48,56,65,73,77,81,89,90,91,96,106,116,128,140,142,155,169,187,192,197,206,224,227,238,7.2
4,Other Professional Services ($),State,1,New England,Maine,76,85,90,92,110,118,127,139,150,152,171,179,200,229,244,253,276,286,283,284,293,320,322,329,6.6
4,Other Professional Services ($),State,2,Mideast,Maryland,77,86,92,100,110,115,129,136,131,137,153,169,179,189,200,213,224,240,249,255,261,269,263,276,5.7
4,Other Professional Services ($),State,1,New England,Massachusetts,82,92,101,107,116,131,150,156,157,159,174,184,195,204,209,217,228,245,256,268,276,281,289,301,5.8
4,Other Professional Services ($),State,3,Great Lakes,Michigan,68,76,91,97,108,117,122,123,122,129,140,149,161,177,188,194,209,220,222,228,235,247,251,265,6.1
4,Other Professional Services ($),State,4,Plains,Minnesota,69,77,81,86,99,110,120,130,134,143,144,154,166,187,190,197,210,218,218,227,231,249,255,270,6.1
4,Other Professional Services ($),State,5,Southeast,Mississippi,38,41,44,47,52,56,63,65,58,62,72,87,92,107,109,113,129,145,145,156,165,173,177,190,7.2
4,Other Professional Services ($),State,4,Plains,Missouri,51,59,57,65,79,86,98,103,104,119,121,131,140,151,164,171,186,197,199,205,213,221,225,228,6.7
4,Other Professional Services ($),State,7,Rocky Mountains,Montana,71,80,89,84,93,92,105,108,130,143,156,159,172,179,193,201,210,224,225,241,259,279,287,303,6.5
4,Other Professional Services ($),State,4,Plains,Nebraska,57,67,69,71,82,89,97,99,106,122,137,149,171,176,191,200,214,238,251,260,280,311,294,296,7.4
4,Other Professional Services ($),State,8,Far West,Nevada,87,106,102,99,114,116,111,111,111,115,123,140,149,161,164,172,187,203,215,230,231,247,262,273,5.1
4,Other Professional Services ($),State,1,New England,New Hampshire,83,92,67,78,96,104,111,121,136,141,147,153,164,177,187,194,214,234,250,251,259,257,254,263,5.1
4,Other Professional Services ($),State,2,Mideast,New Jersey,106,113,121,127,142,152,161,172,173,169,184,191,200,217,229,238,259,274,289,302,317,331,350,361,5.5
4,Other Professional Services ($),State,6,Southwest,New Mexico,72,74,78,81,115,102,102,107,118,115,135,143,151,161,170,181,197,209,216,229,241,262,260,268,5.9
4,Other Professional Services ($),State,2,Mideast,New York,84,88,97,101,105,112,121,137,152,163,180,188,195,207,214,219,235,249,262,272,280,284,287,299,5.7
4,Other Professional Services ($),State,5,Southeast,North Carolina,52,60,68,72,83,86,92,97,94,99,108,116,127,142,154,165,182,192,201,200,204,211,212,221,6.5
4,Other Professional Services ($),State,4,Plains,North Dakota,60,66,77,84,92,96,96,100,107,112,116,118,123,130,138,142,151,168,180,200,215,228,244,260,6.6
4,Other Professional Services ($),State,3,Great Lakes,Ohio,69,76,99,88,98,105,110,113,114,121,131,142,151,161,166,171,176,189,196,192,200,218,222,233,5.4
4,Other Professional Services ($),State,6,Southwest,Oklahoma,63,72,76,78,89,99,100,107,120,118,114,122,131,145,149,166,171,185,191,204,218,234,245,260,6.4
4,Other Professional Services ($),State,8,Far West,Oregon,84,95,95,97,106,109,112,115,124,135,150,162,174,188,204,215,237,253,259,272,285,305,320,330,6.1
4,Other Professional Services ($),State,2,Mideast,Pennsylvania,80,89,102,106,118,127,136,146,156,159,173,175,183,200,208,213,229,236,239,258,271,290,299,308,6.1
4,Other Professional Services ($),State,1,New England,Rhode Island,73,75,83,83,91,94,104,108,111,115,124,142,157,176,188,209,234,250,259,270,285,295,300,311,6.5
4,Other Professional Services ($),State,5,Southeast,South Carolina,45,52,57,62,69,74,83,92,86,77,89,100,103,114,124,134,147,160,165,168,174,189,201,204,6.8
4,Other Professional Services ($),State,4,Plains,South Dakota,64,70,74,79,88,95,100,104,114,114,121,125,141,158,171,174,184,196,202,222,226,238,245,256,6.2
4,Other Professional Services ($),State,5,Southeast,Tennessee,57,60,68,72,84,98,100,105,107,107,116,129,137,152,159,160,175,178,177,193,194,203,209,219,6
4,Other Professional Services ($),State,6,Southwest,Texas,63,70,73,71,82,89,99,103,106,114,121,125,127,133,136,140,150,160,167,176,185,196,198,208,5.3
4,Other Professional Services ($),State,7,Rocky Mountains,Utah,53,57,64,74,82,89,97,108,114,107,115,118,129,137,147,148,158,165,168,171,184,190,198,212,6.3
4,Other Professional Services ($),State,1,New England,Vermont,67,76,81,81,96,100,110,129,144,156,166,179,189,212,221,234,252,259,267,273,281,296,305,321,7.1
4,Other Professional Services ($),State,5,Southeast,Virginia,57,63,75,77,78,90,90,95,101,106,115,122,129,139,147,156,169,182,188,196,204,216,218,225,6.1
4,Other Professional Services ($),State,8,Far West,Washington,86,91,100,105,117,121,132,142,151,161,179,190,203,216,231,242,262,276,287,294,297,300,314,324,5.9
4,Other Professional Services ($),State,5,Southeast,West Virginia,48,56,61,67,72,73,81,88,96,104,115,131,134,144,149,151,158,172,181,187,201,211,221,238,7.2
4,Other Professional Services ($),State,3,Great Lakes,Wisconsin,63,71,76,82,98,108,118,123,124,129,139,144,154,167,183,186,198,208,208,212,223,235,248,264,6.4
4,Other Professional Services ($),State,7,Rocky Mountains,Wyoming,68,77,80,84,106,100,107,123,144,151,166,177,200,222,223,237,256,285,293,304,331,367,363,377,7.7
5,Dental Services ($),United States,0,United States,,132,145,150,158,168,174,184,194,205,220,237,255,262,279,293,305,322,335,333,340,344,346,348,354,4.4
5,Dental Services ($),Region,1,New England,,160,174,177,184,194,202,220,234,252,267,288,313,320,344,361,380,406,431,437,444,453,452,455,462,4.7
5,Dental Services ($),Region,2,Mideast,,144,154,158,166,177,182,192,195,207,218,240,261,269,287,303,318,331,340,337,347,351,354,357,362,4.1
5,Dental Services ($),Region,3,Great Lakes,,127,140,145,153,164,173,181,190,202,222,242,258,263,280,294,304,317,328,333,349,354,347,347,352,4.5
5,Dental Services ($),Region,4,Plains,,115,129,132,140,152,157,168,181,191,206,224,243,251,271,282,293,312,319,329,340,348,344,345,352,5
5,Dental Services ($),Region,5,Southeast,,109,121,127,133,142,148,158,163,174,189,203,218,222,242,255,270,283,290,289,295,300,309,314,320,4.8
5,Dental Services ($),Region,6,Southwest,,103,115,120,125,133,139,148,168,178,191,204,208,213,223,234,245,262,287,286,290,296,301,301,305,4.8
5,Dental Services ($),Region,7,Rocky Mountains,,138,151,159,168,182,187,198,214,226,247,263,287,291,314,323,330,354,367,369,373,376,391,395,401,4.7
5,Dental Services ($),Region,8,Far West,,174,188,198,209,217,227,237,251,257,270,288,315,328,341,361,369,392,411,396,390,390,391,390,398,3.7
5,Dental Services ($),State,5,Southeast,Alabama,98,110,114,121,128,135,143,148,160,170,181,198,217,215,228,237,248,257,254,263,266,270,276,279,4.7
5,Dental Services ($),State,8,Far West,Alaska,179,196,210,225,233,247,263,273,271,303,317,344,358,365,385,396,435,463,450,467,461,507,522,542,4.9
5,Dental Services ($),State,6,Southwest,Arizona,124,132,137,141,149,153,155,167,177,196,216,230,243,266,283,303,318,320,314,308,310,332,338,335,4.4
5,Dental Services ($),State,5,Southeast,Arkansas,93,103,107,114,128,136,144,144,156,172,183,195,206,215,228,234,255,264,271,270,278,299,304,309,5.3
5,Dental Services ($),State,8,Far West,California,173,185,195,205,212,221,230,247,249,260,276,305,320,333,355,362,383,405,387,377,376,372,369,376,3.4
5,Dental Services ($),State,7,Rocky Mountains,Colorado,152,162,170,179,195,199,209,223,237,262,275,301,310,333,338,342,364,375,388,387,394,408,413,419,4.5
5,Dental Services ($),State,1,New England,Connecticut,193,211,203,208,219,226,245,255,278,293,315,349,351,379,388,399,425,445,443,452,452,460,463,469,3.9
5,Dental Services ($),State,2,Mideast,Delaware,132,153,158,177,201,234,232,224,255,276,286,300,317,345,355,360,381,411,412,424,436,409,402,409,5
5,Dental Services ($),State,2,Mideast,District of Columbia,156,177,177,197,224,240,249,238,260,266,262,297,299,316,330,365,380,420,413,427,442,419,424,410,4.3
5,Dental Services ($),State,5,Southeast,Florida,133,148,154,158,166,174,182,185,193,203,214,231,224,261,269,284,295,295,282,286,292,313,320,329,4
5,Dental Services ($),State,5,Southeast,Georgia,116,129,133,141,149,153,163,173,185,204,220,237,244,255,278,289,299,297,297,295,297,305,311,319,4.5
5,Dental Services ($),State,8,Far West,Hawaii,168,187,204,209,220,220,219,218,237,245,261,284,289,296,317,314,344,353,350,356,353,345,341,344,3.2
5,Dental Services ($),State,7,Rocky Mountains,Idaho,137,157,166,180,190,196,207,222,232,261,276,315,311,330,342,359,378,403,391,390,385,386,387,389,4.6
5,Dental Services ($),State,3,Great Lakes,Illinois,125,138,144,152,161,167,177,186,194,212,239,251,261,274,291,302,319,327,328,352,341,352,351,357,4.7
5,Dental Services ($),State,3,Great Lakes,Indiana,102,118,122,129,142,150,159,168,185,200,218,237,243,258,272,278,293,294,299,303,313,325,325,328,5.2
5,Dental Services ($),State,4,Plains,Iowa,116,127,130,135,144,149,163,167,173,191,210,227,233,253,264,282,293,303,322,330,349,341,343,352,4.9
5,Dental Services ($),State,4,Plains,Kansas,120,132,138,144,156,165,175,187,202,213,229,243,251,264,271,284,311,325,331,336,346,348,349,353,4.8
5,Dental Services ($),State,5,Southeast,Kentucky,88,99,103,108,115,120,130,133,142,154,169,186,187,209,210,225,239,243,247,250,255,260,265,268,4.9
5,Dental Services ($),State,5,Southeast,Louisiana,90,102,108,116,125,135,151,152,161,162,170,175,178,193,199,231,243,244,246,251,254,278,285,290,5.2
5,Dental Services ($),State,1,New England,Maine,117,133,138,146,151,161,175,188,203,225,229,252,261,283,297,306,330,338,358,385,408,376,375,377,5.2
5,Dental Services ($),State,2,Mideast,Maryland,143,152,156,163,172,179,188,178,193,209,226,252,259,277,295,310,332,339,343,352,355,371,369,372,4.3
5,Dental Services ($),State,1,New England,Massachusetts,157,170,186,189,197,203,220,238,257,271,295,315,322,345,366,391,422,456,461,461,473,471,473,480,5
5,Dental Services ($),State,3,Great Lakes,Michigan,149,164,170,179,189,199,211,213,228,248,276,288,289,313,323,337,346,359,363,367,374,369,371,379,4.1
5,Dental Services ($),State,4,Plains,Minnesota,133,153,153,163,175,183,200,220,230,250,268,299,314,345,361,377,398,397,411,419,425,395,395,404,4.9
5,Dental Services ($),State,5,Southeast,Mississippi,73,84,88,96,102,105,115,119,130,138,153,161,171,170,183,201,210,218,219,231,226,244,250,253,5.6
5,Dental Services ($),State,4,Plains,Missouri,103,113,116,125,133,140,147,160,167,177,198,212,214,232,238,240,256,263,272,278,282,292,292,295,4.7
5,Dental Services ($),State,7,Rocky Mountains,Montana,116,128,133,142,152,155,169,181,198,211,232,244,251,263,274,287,310,321,322,336,339,370,377,387,5.4
5,Dental Services ($),State,4,Plains,Nebraska,109,121,123,135,160,151,158,166,182,193,209,221,225,239,247,258,274,281,277,312,307,313,320,326,4.9
5,Dental Services ($),State,8,Far West,Nevada,130,143,140,158,162,175,182,195,213,229,243,262,275,294,299,316,338,340,322,322,331,336,341,349,4.4
5,Dental Services ($),State,1,New England,New Hampshire,146,158,124,143,166,184,216,219,238,250,284,327,342,373,399,429,437,463,483,496,511,516,516,533,5.8
5,Dental Services ($),State,2,Mideast,New Jersey,169,183,181,194,215,229,236,253,251,260,283,310,310,337,354,380,394,404,391,392,392,404,407,413,4
5,Dental Services ($),State,6,Southwest,New Mexico,96,107,107,112,125,132,140,151,160,173,190,207,216,228,243,250,276,289,289,307,319,332,337,348,5.8
5,Dental Services ($),State,2,Mideast,New York,144,156,159,162,174,176,187,193,205,213,239,260,270,285,303,322,336,345,345,349,353,349,354,361,4.1
5,Dental Services ($),State,5,Southeast,North Carolina,104,115,120,131,142,147,160,166,183,196,225,233,240,261,277,294,310,326,337,342,347,343,349,357,5.5
5,Dental Services ($),State,4,Plains,North Dakota,99,112,121,135,149,152,159,179,193,201,214,238,243,267,275,289,316,342,354,391,404,406,414,430,6.6
5,Dental Services ($),State,3,Great Lakes,Ohio,116,128,132,139,148,158,165,176,185,198,216,237,232,252,268,274,283,297,303,316,331,316,315,317,4.5
5,Dental Services ($),State,6,Southwest,Oklahoma,102,116,114,121,128,135,146,157,164,181,191,209,225,241,255,269,290,313,313,321,328,332,335,342,5.4
5,Dental Services ($),State,8,Far West,Oregon,175,186,198,213,230,239,255,265,280,297,317,338,337,353,367,381,406,413,411,416,421,440,448,457,4.3
5,Dental Services ($),State,2,Mideast,Pennsylvania,128,133,140,154,154,156,168,163,181,196,212,230,240,255,268,269,274,280,275,301,306,310,314,316,4
5,Dental Services ($),State,1,New England,Rhode Island,151,169,159,173,190,198,204,228,228,238,243,248,259,276,281,301,312,325,331,335,334,332,334,335,3.5
5,Dental Services ($),State,5,Southeast,South Carolina,101,110,112,120,130,134,149,157,165,192,205,218,220,236,251,262,272,289,283,299,301,304,309,319,5.1
5,Dental Services ($),State,4,Plains,South Dakota,100,116,125,126,139,142,151,161,171,191,205,229,242,255,277,281,315,331,335,357,367,395,403,416,6.4
5,Dental Services ($),State,5,Southeast,Tennessee,103,116,122,130,137,140,151,156,170,181,198,211,222,234,246,250,265,270,275,284,286,285,282,287,4.6
5,Dental Services ($),State,6,Southwest,Texas,100,112,118,123,131,137,147,172,183,194,205,203,203,209,217,225,242,275,275,280,286,285,284,289,4.7
5,Dental Services ($),State,7,Rocky Mountains,Utah,129,143,152,156,173,176,192,214,218,235,251,268,271,299,308,314,339,349,341,349,352,369,371,376,4.8
5,Dental Services ($),State,1,New England,Vermont,132,144,153,160,172,177,195,210,224,248,270,295,305,327,348,362,390,401,410,424,425,441,459,463,5.6
5,Dental Services ($),State,5,Southeast,Virginia,124,133,140,146,155,160,170,170,187,224,226,250,256,277,297,319,338,358,361,372,387,382,381,383,5
5,Dental Services ($),State,8,Far West,Washington,195,219,228,244,257,266,282,293,309,332,359,383,390,407,420,432,463,481,471,474,470,482,489,498,4.2
5,Dental Services ($),State,5,Southeast,West Virginia,81,110,116,107,118,117,129,138,143,153,175,189,191,213,224,234,248,269,273,277,277,291,296,297,5.8
5,Dental Services ($),State,3,Great Lakes,Wisconsin,141,152,157,168,185,194,197,213,228,272,268,286,306,313,326,343,361,380,393,426,441,390,386,396,4.6
5,Dental Services ($),State,7,Rocky Mountains,Wyoming,119,131,132,147,154,168,170,180,194,203,227,243,245,263,290,302,344,358,355,375,376,401,402,414,5.6
6,Home Health Care ($),United States,0,United States,,60,73,88,104,121,133,135,124,117,114,120,127,138,152,167,174,191,204,219,229,237,245,253,262,6.6
6,Home Health Care ($),Region,1,New England,,84,102,123,153,178,196,192,184,178,174,185,190,205,222,239,252,265,292,314,332,358,383,408,449,7.6
6,Home Health Care ($),Region,2,Mideast,,102,115,131,142,161,173,178,176,174,171,177,185,199,209,218,221,235,251,266,284,291,297,313,335,5.3
6,Home Health Care ($),Region,3,Great Lakes,,46,57,67,81,97,105,109,99,97,96,100,104,113,126,140,150,166,181,198,213,220,225,233,237,7.4
6,Home Health Care ($),Region,4,Plains,,39,50,60,70,82,94,100,96,99,94,100,98,103,113,127,133,147,166,189,201,212,233,243,262,8.6
6,Home Health Care ($),Region,5,Southeast,,63,80,101,121,140,152,150,131,118,113,116,121,129,145,158,165,178,191,203,208,211,212,215,219,5.5
6,Home Health Care ($),Region,6,Southwest,,49,62,81,107,138,162,174,141,111,105,115,126,142,156,174,180,196,212,235,244,249,254,245,247,7.3
6,Home Health Care ($),Region,7,Rocky Mountains,,33,40,51,63,76,86,90,78,73,72,74,82,88,95,103,103,121,126,139,146,154,165,172,180,7.6
6,Home Health Care ($),Region,8,Far West,,38,47,54,66,74,76,77,75,82,84,92,103,120,139,159,173,198,204,212,217,227,245,255,261,8.8
6,Home Health Care ($),State,5,Southeast,Alabama,62,79,104,118,139,150,150,128,106,99,102,109,120,141,161,171,175,183,193,199,201,199,197,202,5.3
6,Home Health Care ($),State,8,Far West,Alaska,7,9,12,20,27,27,29,20,19,18,21,39,61,93,98,92,83,90,112,147,183,222,210,195,15.7
6,Home Health Care ($),State,6,Southwest,Arizona,39,45,56,93,88,96,91,77,74,75,84,85,101,112,121,116,116,129,134,125,135,141,137,136,5.5
6,Home Health Care ($),State,5,Southeast,Arkansas,41,54,59,81,90,92,110,113,119,109,116,121,115,111,115,104,106,118,136,148,157,172,170,181,6.7
6,Home Health Care ($),State,8,Far West,California,38,48,55,66,74,77,78,77,87,91,103,117,138,158,183,200,229,233,240,245,256,275,287,291,9.3
6,Home Health Care ($),State,7,Rocky Mountains,Colorado,37,46,57,65,78,91,97,89,86,78,77,81,87,93,97,97,127,129,141,152,162,173,181,192,7.4
6,Home Health Care ($),State,1,New England,Connecticut,90,105,125,162,194,210,210,203,205,193,201,204,207,218,227,223,232,246,251,255,267,266,278,296,5.3
6,Home Health Care ($),State,2,Mideast,Delaware,49,60,74,100,131,156,147,127,109,105,114,117,125,128,141,156,159,185,203,215,234,244,242,239,7.1
6,Home Health Care ($),State,2,Mideast,District of Columbia,55,69,84,99,100,111,124,133,113,111,106,123,133,154,194,260,358,443,589,521,571,545,600,653,11.4
6,Home Health Care ($),State,5,Southeast,Florida,88,113,139,159,179,189,183,166,152,154,161,165,179,201,222,237,259,278,291,294,287,284,288,294,5.4
6,Home Health Care ($),State,5,Southeast,Georgia,64,85,110,125,139,137,126,119,96,87,81,87,92,106,110,111,112,123,134,140,153,161,170,163,4.2
6,Home Health Care ($),State,8,Far West,Hawaii,14,16,21,31,43,54,64,66,66,69,76,86,88,91,115,110,110,111,117,118,121,130,143,163,11.1
6,Home Health Care ($),State,7,Rocky Mountains,Idaho,27,35,49,61,74,86,86,60,60,64,72,79,83,89,96,94,104,113,131,146,151,165,170,178,8.5
6,Home Health Care ($),State,3,Great Lakes,Illinois,49,65,73,84,98,100,104,93,88,86,90,94,98,110,121,129,142,159,178,201,214,217,219,218,6.7
6,Home Health Care ($),State,3,Great Lakes,Indiana,34,46,57,68,82,92,94,80,72,68,71,73,80,89,97,100,107,115,125,133,138,149,159,162,7.1
6,Home Health Care ($),State,4,Plains,Iowa,35,44,51,61,75,87,95,97,105,117,115,100,92,98,105,104,114,128,135,138,141,156,163,176,7.3
6,Home Health Care ($),State,4,Plains,Kansas,34,45,56,69,82,101,106,85,75,79,85,85,83,93,99,101,107,113,118,120,127,157,140,138,6.2
6,Home Health Care ($),State,5,Southeast,Kentucky,54,63,79,96,112,129,145,144,139,127,138,137,137,133,145,141,148,147,151,148,146,140,152,160,4.9
6,Home Health Care ($),State,5,Southeast,Louisiana,46,66,98,133,174,209,204,145,110,101,100,112,128,154,189,199,231,255,275,285,286,288,277,283,8.3
6,Home Health Care ($),State,1,New England,Maine,59,76,93,123,148,157,170,163,155,138,134,120,138,149,158,166,178,181,184,179,181,191,193,203,5.5
6,Home Health Care ($),State,2,Mideast,Maryland,51,63,70,80,89,90,95,93,94,91,95,101,102,103,106,109,114,125,140,154,154,160,170,177,5.5
6,Home Health Care ($),State,1,New England,Massachusetts,98,119,146,181,206,228,215,204,192,196,214,227,250,276,301,327,340,385,424,458,504,551,596,667,8.7
6,Home Health Care ($),State,3,Great Lakes,Michigan,50,63,76,93,106,115,125,101,104,109,110,116,131,148,166,184,214,238,255,266,266,271,285,288,7.9
6,Home Health Care ($),State,4,Plains,Minnesota,47,61,73,85,93,101,103,104,105,102,109,118,140,163,197,218,252,293,345,372,398,433,468,524,11
6,Home Health Care ($),State,5,Southeast,Mississippi,60,72,95,120,138,165,167,125,107,99,90,92,107,137,147,157,172,178,192,199,211,211,210,212,5.7
6,Home Health Care ($),State,4,Plains,Missouri,46,57,72,85,100,117,128,120,132,113,123,119,120,123,131,128,135,153,177,189,198,215,220,227,7.2
6,Home Health Care ($),State,7,Rocky Mountains,Montana,43,49,55,94,103,96,83,75,83,78,85,98,90,92,102,96,106,114,116,119,129,146,153,151,5.6
6,Home Health Care ($),State,4,Plains,Nebraska,28,38,40,41,47,56,59,65,62,50,51,46,50,54,67,68,74,82,85,90,86,93,98,97,5.5
6,Home Health Care ($),State,8,Far West,Nevada,43,63,74,131,132,122,121,100,89,79,71,75,90,106,122,130,151,164,184,200,221,238,240,233,7.7
6,Home Health Care ($),State,1,New England,New Hampshire,48,57,70,85,109,130,134,125,133,130,135,132,139,144,148,156,167,179,192,200,204,216,217,228,7
6,Home Health Care ($),State,2,Mideast,New Jersey,66,81,96,110,123,131,135,133,146,142,142,150,160,170,178,172,178,192,206,220,228,239,241,244,5.8
6,Home Health Care ($),State,6,Southwest,New Mexico,29,38,47,65,96,113,125,98,64,65,84,106,135,141,159,180,202,207,220,230,230,224,226,250,9.8
6,Home Health Care ($),State,2,Mideast,New York,167,183,206,212,237,257,265,264,257,256,261,275,300,315,327,332,354,371,384,409,415,410,443,478,4.7
6,Home Health Care ($),State,5,Southeast,North Carolina,54,67,80,105,121,139,147,128,126,125,136,139,149,170,185,185,193,196,205,201,198,191,193,195,5.7
6,Home Health Care ($),State,4,Plains,North Dakota,19,23,27,26,33,36,37,35,33,31,32,28,31,36,42,45,50,52,51,52,63,67,70,72,5.9
6,Home Health Care ($),State,3,Great Lakes,Ohio,44,52,62,84,105,119,118,120,122,121,124,128,140,152,167,173,187,200,218,232,240,245,251,259,8
6,Home Health Care ($),State,6,Southwest,Oklahoma,41,53,79,129,174,198,178,135,98,97,107,116,128,142,164,173,196,216,228,235,228,221,201,195,7
6,Home Health Care ($),State,8,Far West,Oregon,32,37,45,46,55,59,65,52,52,54,54,56,64,77,82,87,112,118,125,126,129,141,157,167,7.5
6,Home Health Care ($),State,2,Mideast,Pennsylvania,51,61,72,86,103,113,114,108,105,102,115,117,122,127,136,137,149,162,174,188,198,217,221,244,7
6,Home Health Care ($),State,1,New England,Rhode Island,63,82,96,103,113,122,124,126,116,105,107,104,114,123,147,163,188,197,211,222,229,237,243,252,6.2
6,Home Health Care ($),State,5,Southeast,South Carolina,43,50,70,82,107,131,131,109,108,106,107,106,102,108,115,121,132,149,163,173,179,193,211,219,7.4
6,Home Health Care ($),State,4,Plains,South Dakota,9,11,16,18,19,25,24,20,22,24,27,24,26,30,38,45,46,54,63,57,76,74,80,93,10.7
6,Home Health Care ($),State,5,Southeast,Tennessee,99,120,147,169,184,182,160,130,111,101,98,106,109,131,132,146,164,185,197,207,211,206,206,214,3.4
6,Home Health Care ($),State,6,Southwest,Texas,54,70,89,110,148,176,198,162,126,117,127,140,155,170,190,198,215,233,263,277,283,290,280,282,7.4
6,Home Health Care ($),State,7,Rocky Mountains,Utah,27,33,42,52,66,76,86,72,57,69,73,83,98,112,125,129,136,147,162,161,166,176,186,188,8.9
6,Home Health Care ($),State,1,New England,Vermont,63,74,88,97,111,119,127,128,126,126,136,146,160,178,190,192,210,222,227,237,256,269,284,301,7
6,Home Health Care ($),State,5,Southeast,Virginia,38,44,51,69,75,83,86,80,76,71,74,77,84,89,95,100,109,119,127,137,144,151,152,152,6.3
6,Home Health Care ($),State,8,Far West,Washington,46,52,65,72,81,79,73,81,81,69,69,65,73,92,99,109,123,139,142,146,153,168,172,188,6.3
6,Home Health Care ($),State,5,Southeast,West Virginia,49,66,90,105,137,155,148,120,119,105,105,101,114,125,135,138,150,172,187,206,230,260,265,272,7.8
6,Home Health Care ($),State,3,Great Lakes,Wisconsin,47,54,57,64,81,85,89,85,79,75,84,87,96,113,129,143,162,168,189,197,203,208,224,230,7.2
6,Home Health Care ($),State,7,Rocky Mountains,Wyoming,22,26,38,50,57,71,71,63,52,45,49,55,60,64,68,64,61,61,68,72,71,73,72,77,5.6
7,Prescription Drugs and Other Non-durable Medical Products ($),United States,0,United States,,267,274,282,294,319,349,386,424,484,541,601,665,734,789,832,898,941,957,988,983,999,996,1014,1114,6.4
7,Prescription Drugs and Other Non-durable Medical Products ($),Region,1,New England,,271,279,286,284,336,368,407,459,529,596,662,745,823,901,1007,1038,1079,1100,1134,1114,1130,1136,1190,1302,7.1
7,Prescription Drugs and Other Non-durable Medical Products ($),Region,2,Mideast,,284,292,302,315,354,395,441,490,556,625,698,782,875,949,1017,1061,1105,1129,1187,1187,1203,1171,1229,1360,7
7,Prescription Drugs and Other Non-durable Medical Products ($),Region,3,Great Lakes,,264,271,285,303,331,367,402,437,498,549,611,676,734,783,790,854,884,895,932,935,962,955,975,1059,6.2
7,Prescription Drugs and Other Non-durable Medical Products ($),Region,4,Plains,,250,259,265,278,297,325,359,405,473,532,601,672,740,787,831,906,939,944,962,981,1017,1031,1041,1131,6.8
7,Prescription Drugs and Other Non-durable Medical Products ($),Region,5,Southeast,,275,281,291,309,335,368,410,452,522,590,654,721,794,865,907,973,1009,1027,1069,1065,1075,1076,1077,1178,6.5
7,Prescription Drugs and Other Non-durable Medical Products ($),Region,6,Southwest,,262,267,274,283,300,325,352,382,433,481,525,552,608,646,695,793,870,885,896,889,904,913,910,1023,6.1
7,Prescription Drugs and Other Non-durable Medical Products ($),Region,7,Rocky Mountains,,236,241,263,264,273,300,330,357,402,437,480,526,568,589,623,689,725,712,696,668,674,679,676,743,5.1
7,Prescription Drugs and Other Non-durable Medical Products ($),Region,8,Far West,,257,260,259,263,270,287,317,345,388,425,475,536,598,633,673,743,794,813,827,817,829,829,851,931,5.8
7,Prescription Drugs and Other Non-durable Medical Products ($),State,5,Southeast,Alabama,288,298,313,331,346,382,438,476,541,607,679,776,862,958,1000,1103,1155,1194,1260,1259,1242,1272,1283,1407,7.1
7,Prescription Drugs and Other Non-durable Medical Products ($),State,8,Far West,Alaska,249,254,256,269,258,294,340,369,420,462,501,558,633,645,683,739,781,763,720,680,664,640,584,640,4.2
7,Prescription Drugs and Other Non-durable Medical Products ($),State,6,Southwest,Arizona,259,261,278,285,303,325,338,380,435,466,496,518,577,622,672,758,808,814,785,768,779,759,727,814,5.1
7,Prescription Drugs and Other Non-durable Medical Products ($),State,5,Southeast,Arkansas,255,261,264,281,300,338,366,400,451,483,542,624,686,735,795,887,968,996,1055,1055,1057,1036,1047,1169,6.8
7,Prescription Drugs and Other Non-durable Medical Products ($),State,8,Far West,California,253,256,252,252,257,270,297,324,366,402,453,516,585,620,660,729,783,809,829,826,843,846,875,955,5.9
7,Prescription Drugs and Other Non-durable Medical Products ($),State,7,Rocky Mountains,Colorado,239,245,281,278,281,299,323,353,408,438,466,487,522,549,581,648,695,668,641,599,601,611,605,681,4.7
7,Prescription Drugs and Other Non-durable Medical Products ($),State,1,New England,Connecticut,290,300,306,317,367,398,435,494,571,638,720,801,908,993,1201,1216,1294,1301,1347,1308,1313,1309,1350,1476,7.3
7,Prescription Drugs and Other Non-durable Medical Products ($),State,2,Mideast,Delaware,295,305,309,321,342,382,437,502,590,667,726,826,881,954,984,1111,1158,1221,1237,1244,1288,1287,1356,1525,7.4
7,Prescription Drugs and Other Non-durable Medical Products ($),State,2,Mideast,District of Columbia,264,267,271,241,309,335,346,358,395,431,467,503,589,673,707,797,890,947,1052,1041,1031,1021,1034,1171,6.7
7,Prescription Drugs and Other Non-durable Medical Products ($),State,5,Southeast,Florida,281,285,300,330,372,421,469,533,625,708,743,766,833,915,962,1040,1070,1092,1133,1141,1143,1125,1096,1232,6.6
7,Prescription Drugs and Other Non-durable Medical Products ($),State,5,Southeast,Georgia,270,276,285,300,314,341,375,402,460,511,550,618,685,753,780,832,854,857,875,848,850,841,855,938,5.6
7,Prescription Drugs and Other Non-durable Medical Products ($),State,8,Far West,Hawaii,318,314,332,332,334,341,376,402,450,471,530,598,676,791,854,895,978,1026,1068,1021,1004,1013,1037,1181,5.9
7,Prescription Drugs and Other Non-durable Medical Products ($),State,7,Rocky Mountains,Idaho,222,226,236,237,244,273,305,329,361,398,444,523,582,611,638,686,708,713,722,721,736,724,730,796,5.7
7,Prescription Drugs and Other Non-durable Medical Products ($),State,3,Great Lakes,Illinois,252,256,267,290,318,354,386,418,483,530,585,626,676,730,757,823,861,884,931,940,956,939,936,1006,6.2
7,Prescription Drugs and Other Non-durable Medical Products ($),State,3,Great Lakes,Indiana,276,289,302,317,351,376,402,432,504,564,631,707,771,803,813,868,885,887,922,934,967,997,1031,1119,6.3
7,Prescription Drugs and Other Non-durable Medical Products ($),State,4,Plains,Iowa,257,267,269,279,287,321,350,389,441,482,547,624,709,757,825,929,961,952,970,977,1030,1049,1042,1148,6.7
7,Prescription Drugs and Other Non-durable Medical Products ($),State,4,Plains,Kansas,263,273,282,287,299,334,374,420,489,551,625,706,752,784,815,871,904,916,929,939,998,1058,1044,1119,6.5
7,Prescription Drugs and Other Non-durable Medical Products ($),State,5,Southeast,Kentucky,283,288,296,307,326,358,400,454,534,618,711,814,857,911,913,962,997,1002,1053,1062,1107,1095,1097,1199,6.5
7,Prescription Drugs and Other Non-durable Medical Products ($),State,5,Southeast,Louisiana,280,285,295,313,334,359,398,432,498,565,627,685,756,809,878,1010,1077,1125,1202,1209,1218,1226,1189,1257,6.8
7,Prescription Drugs and Other Non-durable Medical Products ($),State,1,New England,Maine,232,239,241,256,285,325,381,424,479,534,588,675,764,819,855,962,1006,1017,1029,1000,1011,996,1052,1159,7.3
7,Prescription Drugs and Other Non-durable Medical Products ($),State,2,Mideast,Maryland,287,291,303,319,331,364,413,451,501,564,662,767,828,852,901,1015,1053,1044,1079,1064,1050,1032,1067,1147,6.2
7,Prescription Drugs and Other Non-durable Medical Products ($),State,1,New England,Massachusetts,269,275,284,275,333,364,406,455,521,591,656,744,804,891,941,973,1001,1029,1057,1046,1068,1077,1130,1250,6.9
7,Prescription Drugs and Other Non-durable Medical Products ($),State,3,Great Lakes,Michigan,287,295,310,319,346,383,415,447,503,553,616,684,754,821,782,857,891,907,946,951,982,975,1006,1106,6
7,Prescription Drugs and Other Non-durable Medical Products ($),State,4,Plains,Minnesota,234,240,249,269,292,325,361,407,465,522,582,643,702,746,780,852,885,880,881,885,886,873,899,955,6.3
7,Prescription Drugs and Other Non-durable Medical Products ($),State,5,Southeast,Mississippi,261,269,271,289,297,324,361,399,462,524,584,654,721,796,859,924,988,977,1026,1008,1026,1067,1035,1132,6.6
7,Prescription Drugs and Other Non-durable Medical Products ($),State,4,Plains,Missouri,259,267,272,282,305,321,353,404,492,564,641,724,805,851,896,967,988,1005,1041,1076,1130,1147,1145,1273,7.2
7,Prescription Drugs and Other Non-durable Medical Products ($),State,7,Rocky Mountains,Montana,253,263,273,267,273,305,338,362,403,442,469,500,556,568,614,700,753,764,785,783,784,793,814,865,5.5
7,Prescription Drugs and Other Non-durable Medical Products ($),State,4,Plains,Nebraska,258,268,277,292,308,346,382,431,498,555,617,649,716,797,836,909,958,964,1001,1042,1075,1108,1155,1242,7.1
7,Prescription Drugs and Other Non-durable Medical Products ($),State,8,Far West,Nevada,268,283,305,317,337,369,413,448,512,567,629,702,758,789,830,911,943,940,923,894,899,886,866,966,5.7
7,Prescription Drugs and Other Non-durable Medical Products ($),State,1,New England,New Hampshire,275,285,287,286,320,343,378,423,491,548,596,644,723,780,926,956,993,1008,1050,1038,1061,1080,1154,1222,6.7
7,Prescription Drugs and Other Non-durable Medical Products ($),State,2,Mideast,New Jersey,302,312,326,345,389,428,477,536,614,692,760,821,918,984,1125,1152,1176,1197,1254,1209,1200,1179,1209,1355,6.7
7,Prescription Drugs and Other Non-durable Medical Products ($),State,6,Southwest,New Mexico,242,250,258,272,284,303,319,349,403,454,499,537,574,614,635,682,717,693,700,697,698,690,669,748,5
7,Prescription Drugs and Other Non-durable Medical Products ($),State,2,Mideast,New York,269,276,285,299,337,381,423,466,532,605,675,762,869,966,1018,1048,1099,1140,1214,1239,1276,1217,1289,1435,7.5
7,Prescription Drugs and Other Non-durable Medical Products ($),State,5,Southeast,North Carolina,265,273,278,291,313,338,376,411,483,567,662,735,818,878,911,956,972,1003,1052,1053,1073,1100,1139,1238,6.9
7,Prescription Drugs and Other Non-durable Medical Products ($),State,4,Plains,North Dakota,240,249,259,285,301,337,352,408,474,548,641,724,797,861,934,1056,1148,1167,1147,1178,1130,1075,1104,1175,7.2
7,Prescription Drugs and Other Non-durable Medical Products ($),State,3,Great Lakes,Ohio,261,266,283,305,335,374,420,456,512,565,629,724,785,823,834,884,905,894,913,905,938,926,944,1023,6.1
7,Prescription Drugs and Other Non-durable Medical Products ($),State,6,Southwest,Oklahoma,265,274,272,284,303,330,353,383,447,503,565,612,663,736,775,878,941,986,1028,1042,1063,1103,1088,1180,6.7
7,Prescription Drugs and Other Non-durable Medical Products ($),State,8,Far West,Oregon,240,247,251,266,283,318,354,380,413,448,482,532,561,575,611,684,729,740,753,742,760,761,788,882,5.8
7,Prescription Drugs and Other Non-durable Medical Products ($),State,2,Mideast,Pennsylvania,293,304,315,322,370,410,462,520,582,641,717,804,888,955,1008,1048,1093,1107,1150,1150,1165,1158,1225,1345,6.9
7,Prescription Drugs and Other Non-durable Medical Products ($),State,1,New England,Rhode Island,287,291,305,283,367,412,441,501,591,679,759,840,942,1008,1153,1138,1166,1191,1239,1216,1215,1235,1263,1411,7.2
7,Prescription Drugs and Other Non-durable Medical Products ($),State,5,Southeast,South Carolina,246,253,259,276,299,331,373,405,471,537,609,686,762,808,898,943,963,972,1021,1036,1054,1080,1112,1193,7.1
7,Prescription Drugs and Other Non-durable Medical Products ($),State,4,Plains,South Dakota,218,225,224,246,264,292,317,349,387,413,480,549,592,615,676,724,760,760,761,774,819,854,881,949,6.6
7,Prescription Drugs and Other Non-durable Medical Products ($),State,5,Southeast,Tennessee,295,305,315,326,356,383,426,467,541,613,715,825,951,1038,1047,1069,1116,1125,1154,1128,1132,1137,1115,1216,6.3
7,Prescription Drugs and Other Non-durable Medical Products ($),State,6,Southwest,Texas,264,269,275,283,301,326,358,385,433,483,529,552,610,640,694,799,887,904,921,913,928,941,949,1073,6.3
7,Prescription Drugs and Other Non-durable Medical Products ($),State,7,Rocky Mountains,Utah,230,233,244,259,281,316,354,377,416,457,531,612,650,656,687,741,755,753,731,706,723,732,720,784,5.5
7,Prescription Drugs and Other Non-durable Medical Products ($),State,1,New England,Vermont,240,247,243,240,267,293,328,374,443,497,539,620,679,725,840,862,864,910,941,948,983,1022,1158,1158,7.1
7,Prescription Drugs and Other Non-durable Medical Products ($),State,5,Southeast,Virginia,268,271,275,289,327,349,382,416,459,513,571,646,696,772,813,868,898,911,941,921,941,943,974,1015,6
7,Prescription Drugs and Other Non-durable Medical Products ($),State,8,Far West,Washington,273,276,279,291,302,327,363,400,445,480,529,574,618,647,679,759,796,790,785,750,747,737,740,795,4.8
7,Prescription Drugs and Other Non-durable Medical Products ($),State,5,Southeast,West Virginia,304,313,329,344,376,400,449,483,535,581,671,765,857,935,982,1107,1176,1186,1216,1208,1241,1220,1218,1377,6.8
7,Prescription Drugs and Other Non-durable Medical Products ($),State,3,Great Lakes,Wisconsin,243,252,267,286,306,342,377,425,484,541,603,639,681,726,760,841,876,906,960,961,984,969,1011,1103,6.8
7,Prescription Drugs and Other Non-durable Medical Products ($),State,7,Rocky Mountains,Wyoming,235,235,246,243,253,289,334,362,391,427,479,531,578,619,665,792,840,816,781,740,723,703,702,751,5.2
8,Durable Medical Products ($),United States,0,United States,,52,53,54,58,60,65,70,77,83,89,88,94,98,104,110,115,123,124,123,129,136,139,143,146,4.6
8,Durable Medical Products ($),Region,1,New England,,48,48,48,53,55,60,66,72,78,84,83,89,94,101,110,118,127,129,131,138,145,150,153,158,5.3
8,Durable Medical Products ($),Region,2,Mideast,,48,46,49,53,55,61,67,74,79,87,87,94,97,102,107,112,117,118,120,126,132,136,140,144,4.9
8,Durable Medical Products ($),Region,3,Great Lakes,,53,54,56,60,61,66,71,78,83,90,88,94,100,106,114,122,133,135,135,143,152,157,163,168,5.1
8,Durable Medical Products ($),Region,4,Plains,,51,52,54,59,61,66,72,79,83,88,86,91,93,96,98,100,104,108,107,113,121,125,129,131,4.2
8,Durable Medical Products ($),Region,5,Southeast,,59,61,63,67,68,74,81,89,94,103,102,109,114,121,128,135,145,144,143,150,157,159,163,167,4.6
8,Durable Medical Products ($),Region,6,Southwest,,56,57,59,62,63,68,73,81,85,91,90,96,98,101,104,107,112,115,111,116,122,125,127,130,3.8
8,Durable Medical Products ($),Region,7,Rocky Mountains,,69,70,70,73,74,79,85,93,100,108,106,112,116,122,129,136,144,143,139,144,151,156,159,163,3.8
8,Durable Medical Products ($),Region,8,Far West,,40,41,42,45,46,50,55,60,63,67,67,72,76,80,85,90,97,97,95,98,102,106,108,111,4.5
8,Durable Medical Products ($),State,5,Southeast,Alabama,49,50,50,52,53,56,60,69,78,88,91,101,102,105,108,112,116,117,118,125,130,133,137,142,4.7
8,Durable Medical Products ($),State,8,Far West,Alaska,50,51,52,56,58,62,67,73,78,83,82,89,91,96,100,102,106,112,113,119,127,131,132,139,4.5
8,Durable Medical Products ($),State,6,Southwest,Arizona,74,74,75,78,77,81,88,92,96,104,104,113,120,127,137,145,160,157,154,159,166,168,171,175,3.8
8,Durable Medical Products ($),State,5,Southeast,Arkansas,36,37,37,39,38,40,43,50,57,65,67,77,76,76,78,79,80,82,83,87,92,97,101,104,4.7
8,Durable Medical Products ($),State,8,Far West,California,36,36,38,41,42,45,49,53,56,58,58,61,65,70,74,79,86,85,84,86,90,93,94,97,4.4
8,Durable Medical Products ($),State,7,Rocky Mountains,Colorado,75,75,75,77,78,83,89,98,106,116,113,119,124,130,137,143,150,150,147,151,159,163,167,172,3.7
8,Durable Medical Products ($),State,1,New England,Connecticut,49,49,48,53,57,62,70,78,84,91,89,92,94,99,106,111,118,117,117,124,129,133,135,141,4.7
8,Durable Medical Products ($),State,2,Mideast,Delaware,70,74,78,86,91,102,114,125,133,140,134,137,139,148,155,163,173,172,175,180,188,189,193,197,4.6
8,Durable Medical Products ($),State,2,Mideast,District of Columbia,56,58,58,65,69,77,85,92,96,98,96,105,105,109,110,115,114,118,109,113,117,116,116,116,3.2
8,Durable Medical Products ($),State,5,Southeast,Florida,96,100,105,111,111,121,133,143,148,159,154,162,171,185,199,213,231,227,221,233,243,243,248,253,4.3
8,Durable Medical Products ($),State,5,Southeast,Georgia,57,56,59,62,64,69,74,81,85,90,89,95,99,105,113,119,124,122,121,124,132,132,136,140,4
8,Durable Medical Products ($),State,8,Far West,Hawaii,50,52,56,64,70,81,92,100,105,110,105,109,114,120,129,136,146,149,153,157,161,163,165,170,5.4
8,Durable Medical Products ($),State,7,Rocky Mountains,Idaho,63,67,68,71,72,75,80,83,88,93,91,98,103,110,117,124,134,130,128,133,139,142,147,149,3.8
8,Durable Medical Products ($),State,3,Great Lakes,Illinois,41,41,43,46,48,52,56,62,67,72,72,77,80,86,91,98,104,105,105,110,116,120,125,128,5.1
8,Durable Medical Products ($),State,3,Great Lakes,Indiana,60,61,62,66,67,73,80,87,93,101,99,106,108,113,118,125,133,135,135,142,150,155,160,164,4.5
8,Durable Medical Products ($),State,4,Plains,Iowa,60,61,61,64,63,67,71,80,86,94,93,100,101,103,104,105,107,112,114,118,129,133,136,139,3.8
8,Durable Medical Products ($),State,4,Plains,Kansas,43,44,44,49,50,56,62,68,73,79,79,87,88,93,94,96,101,106,105,108,117,119,124,125,4.7
8,Durable Medical Products ($),State,5,Southeast,Kentucky,52,53,54,56,54,58,62,70,75,83,85,93,96,99,104,110,118,120,123,129,136,139,143,149,4.7
8,Durable Medical Products ($),State,5,Southeast,Louisiana,43,45,44,46,46,49,52,58,63,70,71,77,77,79,80,81,84,86,86,89,92,96,99,101,3.8
8,Durable Medical Products ($),State,1,New England,Maine,40,42,42,45,45,48,51,56,60,65,66,72,75,80,88,99,110,112,117,123,128,130,134,137,5.5
8,Durable Medical Products ($),State,2,Mideast,Maryland,47,47,48,52,53,58,64,70,75,81,81,88,92,95,97,100,105,106,110,114,119,121,123,126,4.4
8,Durable Medical Products ($),State,1,New England,Massachusetts,51,51,53,57,58,63,69,75,81,87,86,93,99,109,118,128,139,141,142,150,158,163,166,170,5.4
8,Durable Medical Products ($),State,3,Great Lakes,Michigan,72,74,76,81,83,90,99,107,114,126,122,127,138,153,170,190,212,216,216,231,246,253,264,273,6
8,Durable Medical Products ($),State,4,Plains,Minnesota,60,62,65,73,76,83,91,97,101,104,97,100,101,103,107,107,110,112,110,118,125,129,131,135,3.6
8,Durable Medical Products ($),State,5,Southeast,Mississippi,42,46,44,46,46,49,51,61,70,81,85,97,103,109,114,120,130,133,137,144,150,154,161,165,6.1
8,Durable Medical Products ($),State,4,Plains,Missouri,37,37,40,44,46,51,56,61,64,69,70,75,76,78,81,82,86,88,89,92,96,100,104,107,4.7
8,Durable Medical Products ($),State,7,Rocky Mountains,Montana,55,55,57,62,63,69,76,86,96,107,110,123,124,126,128,129,133,135,136,144,153,160,163,165,4.9
8,Durable Medical Products ($),State,4,Plains,Nebraska,70,70,74,76,77,83,90,99,104,110,109,117,122,127,132,137,145,150,150,157,171,175,181,185,4.3
8,Durable Medical Products ($),State,8,Far West,Nevada,52,54,57,63,66,75,80,88,93,99,98,105,113,119,126,131,145,139,133,136,141,145,147,150,4.8
8,Durable Medical Products ($),State,1,New England,New Hampshire,50,52,44,52,58,68,75,83,89,96,95,102,110,120,133,138,146,149,153,163,173,180,184,191,6
8,Durable Medical Products ($),State,2,Mideast,New Jersey,57,55,56,62,65,71,79,90,99,113,114,125,123,127,128,130,133,135,135,141,147,150,153,159,4.6
8,Durable Medical Products ($),State,6,Southwest,New Mexico,68,68,70,76,79,88,98,108,116,128,126,135,138,144,149,157,167,171,171,179,188,192,197,207,5
8,Durable Medical Products ($),State,2,Mideast,New York,41,39,42,46,49,54,61,66,69,74,76,81,85,92,101,108,118,119,120,127,133,136,139,144,5.6
8,Durable Medical Products ($),State,5,Southeast,North Carolina,53,53,56,60,64,71,80,84,88,92,88,91,94,100,107,114,125,124,125,130,133,139,138,142,4.4
8,Durable Medical Products ($),State,4,Plains,North Dakota,50,51,56,61,65,73,80,88,94,100,97,102,101,103,104,106,108,120,121,134,148,167,165,165,5.4
8,Durable Medical Products ($),State,3,Great Lakes,Ohio,48,50,52,55,55,59,62,71,75,82,81,87,94,94,99,102,112,114,115,122,130,134,139,144,4.9
8,Durable Medical Products ($),State,6,Southwest,Oklahoma,47,49,51,55,57,62,69,75,79,83,81,86,85,86,86,86,88,94,89,95,103,108,112,115,4
8,Durable Medical Products ($),State,8,Far West,Oregon,42,44,44,47,47,51,55,62,68,76,81,88,90,93,99,104,108,108,108,112,117,121,125,129,5
8,Durable Medical Products ($),State,2,Mideast,Pennsylvania,50,49,52,55,56,61,67,74,80,88,87,93,95,99,102,105,107,108,109,117,125,131,137,141,4.6
8,Durable Medical Products ($),State,1,New England,Rhode Island,37,37,37,39,39,43,47,52,56,62,61,66,72,79,86,95,106,108,111,119,124,128,132,138,5.9
8,Durable Medical Products ($),State,5,Southeast,South Carolina,50,52,54,57,59,64,70,78,84,92,92,101,107,113,118,126,135,135,136,141,146,149,152,154,5
8,Durable Medical Products ($),State,4,Plains,South Dakota,48,48,51,56,58,65,72,76,77,79,75,77,80,85,90,95,101,106,105,112,123,124,126,126,4.3
8,Durable Medical Products ($),State,5,Southeast,Tennessee,44,45,46,50,50,56,58,66,73,80,82,89,96,100,102,102,112,113,114,120,126,130,133,136,5
8,Durable Medical Products ($),State,6,Southwest,Texas,52,54,56,59,60,64,68,76,81,86,84,90,92,94,95,96,99,103,98,103,109,111,113,115,3.5
8,Durable Medical Products ($),State,7,Rocky Mountains,Utah,71,72,72,75,75,79,86,94,98,104,102,104,110,117,129,139,150,147,142,144,151,154,158,161,3.6
8,Durable Medical Products ($),State,1,New England,Vermont,40,40,41,43,45,49,53,58,63,69,69,74,76,80,86,91,96,99,101,107,115,119,124,129,5.3
8,Durable Medical Products ($),State,5,Southeast,Virginia,46,48,49,53,55,61,68,75,81,87,87,93,97,102,105,110,116,117,118,123,128,131,133,135,4.8
8,Durable Medical Products ($),State,8,Far West,Washington,57,58,58,61,60,63,68,75,83,91,91,99,103,108,115,119,126,127,124,129,134,139,142,146,4.2
8,Durable Medical Products ($),State,5,Southeast,West Virginia,62,64,64,67,66,70,75,86,96,106,106,116,118,123,126,130,139,146,153,161,173,177,181,186,4.8
8,Durable Medical Products ($),State,3,Great Lakes,Wisconsin,48,50,51,53,53,57,61,65,67,70,69,74,77,81,86,93,100,101,104,108,114,118,121,125,4.3
8,Durable Medical Products ($),State,7,Rocky Mountains,Wyoming,50,51,55,62,66,76,87,93,96,100,95,99,98,99,100,102,105,109,102,108,118,122,124,129,4.2
9,Nursing Home Care ($),United States,0,United States,,195,206,215,222,241,257,272,287,289,301,319,329,345,359,377,389,415,428,440,453,465,469,472,479,4
9,Nursing Home Care ($),Region,1,New England,,353,366,380,396,430,453,480,513,509,523,548,562,585,606,641,662,710,722,722,718,720,721,720,724,3.2
9,Nursing Home Care ($),Region,2,Mideast,,255,268,280,294,320,344,364,394,411,427,454,471,495,520,541,556,589,605,617,643,651,645,645,650,4.1
9,Nursing Home Care ($),Region,3,Great Lakes,,221,241,250,255,272,289,305,319,324,343,364,373,391,405,425,440,470,484,494,507,519,529,535,544,4
9,Nursing Home Care ($),Region,4,Plains,,267,276,283,286,307,326,344,362,366,381,400,411,425,438,461,466,495,510,525,533,552,564,571,585,3.5
9,Nursing Home Care ($),Region,5,Southeast,,154,167,177,187,207,226,246,256,254,263,279,290,309,324,343,357,383,394,403,413,429,428,428,429,4.6
9,Nursing Home Care ($),Region,6,Southwest,,134,139,145,149,162,172,179,185,185,191,200,202,214,223,234,239,257,268,275,286,297,302,305,311,3.7
9,Nursing Home Care ($),Region,7,Rocky Mountains,,140,149,153,159,171,181,188,193,192,199,212,215,228,236,255,254,275,292,308,318,332,340,343,346,4
9,Nursing Home Care ($),Region,8,Far West,,128,135,140,142,157,163,168,180,177,190,203,211,221,228,241,255,274,294,316,331,349,362,370,389,4.9
9,Nursing Home Care ($),State,5,Southeast,Alabama,133,147,153,159,180,201,228,246,257,267,285,292,305,320,343,353,374,382,376,380,386,385,387,391,4.8
9,Nursing Home Care ($),State,8,Far West,Alaska,77,85,83,82,85,86,88,107,123,148,179,157,163,166,167,166,172,171,170,171,173,179,188,204,4.3
9,Nursing Home Care ($),State,6,Southwest,Arizona,129,127,145,155,177,196,169,163,160,165,172,174,181,184,193,198,217,232,235,258,276,284,284,286,3.5
9,Nursing Home Care ($),State,5,Southeast,Arkansas,172,184,192,204,228,250,266,273,269,280,297,317,338,351,374,385,410,415,422,433,434,439,440,440,4.2
9,Nursing Home Care ($),State,8,Far West,California,118,125,130,131,142,153,159,172,167,181,196,203,214,219,230,247,265,285,308,324,341,352,360,383,5.2
9,Nursing Home Care ($),State,7,Rocky Mountains,Colorado,152,161,166,171,185,202,213,215,212,217,229,234,247,256,278,279,306,326,344,356,371,379,383,385,4.1
9,Nursing Home Care ($),State,1,New England,Connecticut,420,434,457,487,533,556,594,621,648,667,691,694,720,733,779,804,852,873,862,858,858,847,842,854,3.1
9,Nursing Home Care ($),State,2,Mideast,Delaware,199,203,211,216,233,251,271,312,323,351,383,368,381,435,472,460,524,567,611,614,599,592,593,608,5
9,Nursing Home Care ($),State,2,Mideast,District of Columbia,340,372,371,380,410,432,428,446,448,460,467,531,562,585,611,626,660,661,686,677,654,632,593,583,2.4
9,Nursing Home Care ($),State,5,Southeast,Florida,179,196,208,220,246,266,287,302,287,295,308,330,347,353,361,374,406,423,440,460,494,492,492,489,4.5
9,Nursing Home Care ($),State,5,Southeast,Georgia,131,131,147,158,159,179,190,198,197,205,212,217,227,243,261,261,271,280,276,283,292,296,299,294,3.6
9,Nursing Home Care ($),State,8,Far West,Hawaii,128,130,129,126,129,138,150,164,167,177,180,210,220,236,262,277,304,319,335,334,335,336,346,350,4.5
9,Nursing Home Care ($),State,7,Rocky Mountains,Idaho,141,152,155,156,167,170,173,185,184,192,205,210,225,241,259,257,276,295,318,318,347,353,362,366,4.2
9,Nursing Home Care ($),State,3,Great Lakes,Illinois,209,221,228,235,250,259,270,286,293,308,323,329,336,349,365,383,416,434,444,470,486,499,509,517,4
9,Nursing Home Care ($),State,3,Great Lakes,Indiana,265,287,294,295,312,322,330,344,342,359,382,390,407,426,459,478,512,525,544,547,554,560,562,580,3.5
9,Nursing Home Care ($),State,4,Plains,Iowa,268,282,289,291,313,333,348,371,394,412,435,443,462,485,505,522,563,582,591,598,614,626,633,662,4
9,Nursing Home Care ($),State,4,Plains,Kansas,233,240,245,248,268,285,310,326,332,349,361,367,385,401,428,431,462,473,493,498,531,551,559,567,3.9
9,Nursing Home Care ($),State,5,Southeast,Kentucky,175,193,204,215,244,267,291,297,298,309,318,322,352,366,379,400,431,446,447,452,467,464,466,476,4.4
9,Nursing Home Care ($),State,5,Southeast,Louisiana,163,183,188,178,186,191,198,210,214,222,238,250,271,283,302,319,351,365,365,375,385,390,393,399,4
9,Nursing Home Care ($),State,1,New England,Maine,287,303,312,316,335,342,350,360,371,380,403,407,429,456,481,485,503,519,534,533,541,587,598,590,3.2
9,Nursing Home Care ($),State,2,Mideast,Maryland,187,197,214,232,252,263,279,306,308,321,363,369,402,445,481,509,549,574,594,617,626,624,619,626,5.4
9,Nursing Home Care ($),State,1,New England,Massachusetts,375,384,392,407,441,470,499,546,520,535,562,580,601,626,659,686,747,753,753,740,734,727,720,720,2.9
9,Nursing Home Care ($),State,3,Great Lakes,Michigan,166,175,180,184,200,215,229,240,246,265,280,290,306,317,334,349,372,392,408,424,448,463,470,478,4.7
9,Nursing Home Care ($),State,4,Plains,Minnesota,349,356,356,347,360,366,367,386,387,399,414,427,437,446,465,470,497,512,532,534,544,561,569,585,2.3
9,Nursing Home Care ($),State,5,Southeast,Mississippi,131,145,149,155,157,170,197,211,215,227,244,259,286,324,356,377,409,422,425,432,446,441,440,450,5.5
9,Nursing Home Care ($),State,4,Plains,Missouri,226,235,246,251,280,307,337,351,349,362,379,384,388,400,421,427,452,470,478,486,506,514,521,531,3.8
9,Nursing Home Care ($),State,7,Rocky Mountains,Montana,182,186,185,206,233,237,248,263,258,270,300,299,323,319,334,324,362,378,395,403,401,406,413,422,3.7
9,Nursing Home Care ($),State,4,Plains,Nebraska,225,231,249,270,294,322,343,361,357,374,406,433,455,465,498,498,531,530,541,563,585,591,598,605,4.4
9,Nursing Home Care ($),State,8,Far West,Nevada,88,96,91,92,87,88,84,88,103,117,127,130,138,148,156,151,168,182,193,207,224,242,248,250,4.6
9,Nursing Home Care ($),State,1,New England,New Hampshire,205,220,248,265,296,315,342,351,341,341,357,389,408,432,461,473,497,524,535,548,566,575,579,584,4.6
9,Nursing Home Care ($),State,2,Mideast,New Jersey,224,239,247,257,292,314,330,354,357,369,371,395,409,447,468,483,527,556,564,563,561,567,565,565,4.1
9,Nursing Home Care ($),State,6,Southwest,New Mexico,108,115,109,107,112,111,116,118,129,147,163,175,184,192,202,203,217,228,234,237,259,266,277,283,4.3
9,Nursing Home Care ($),State,2,Mideast,New York,289,299,310,325,345,368,382,418,449,463,490,510,528,546,561,563,585,602,613,620,634,619,615,619,3.4
9,Nursing Home Care ($),State,5,Southeast,North Carolina,154,166,181,196,219,240,257,268,267,278,294,313,338,364,389,397,425,428,436,447,455,450,449,453,4.8
9,Nursing Home Care ($),State,4,Plains,North Dakota,296,304,307,318,337,349,351,365,376,405,443,479,503,512,539,556,587,604,647,691,709,704,726,745,4.1
9,Nursing Home Care ($),State,3,Great Lakes,Ohio,241,283,296,302,321,350,374,395,402,428,462,480,507,524,546,555,590,594,589,589,595,594,601,605,4.1
9,Nursing Home Care ($),State,6,Southwest,Oklahoma,179,184,192,193,211,221,237,256,246,250,271,276,308,322,339,327,352,381,380,363,364,389,397,408,3.6
9,Nursing Home Care ($),State,8,Far West,Oregon,159,162,164,175,184,190,196,212,215,225,232,239,242,270,295,305,332,355,383,401,424,438,445,467,4.8
9,Nursing Home Care ($),State,2,Mideast,Pennsylvania,251,267,283,297,330,363,397,423,437,461,498,514,551,569,590,620,657,658,667,747,754,754,763,774,5
9,Nursing Home Care ($),State,1,New England,Rhode Island,314,357,368,366,390,402,421,455,468,486,510,538,566,583,620,636,668,673,671,685,705,723,738,742,3.8
9,Nursing Home Care ($),State,5,Southeast,South Carolina,114,121,127,138,153,166,179,189,197,210,236,239,265,278,309,330,358,361,365,384,390,385,376,383,5.4
9,Nursing Home Care ($),State,4,Plains,South Dakota,229,239,254,269,296,321,342,369,372,389,413,434,493,508,523,485,502,527,554,557,566,572,573,574,4.1
9,Nursing Home Care ($),State,5,Southeast,Tennessee,159,175,189,204,239,270,309,303,286,286,308,303,321,338,366,389,407,408,424,418,431,425,412,413,4.2
9,Nursing Home Care ($),State,6,Southwest,Texas,129,136,140,144,155,164,177,184,186,191,198,199,210,219,231,239,257,263,273,285,295,297,299,305,3.8
9,Nursing Home Care ($),State,7,Rocky Mountains,Utah,95,105,109,107,113,115,121,123,127,136,141,141,147,153,167,168,175,188,199,208,221,227,228,230,3.9
9,Nursing Home Care ($),State,1,New England,Vermont,219,223,230,242,263,286,301,307,306,327,354,357,380,399,428,439,474,472,469,499,516,530,546,563,4.2
9,Nursing Home Care ($),State,5,Southeast,Virginia,132,139,150,158,174,194,215,224,232,249,266,275,289,297,318,334,364,386,409,416,430,432,437,438,5.3
9,Nursing Home Care ($),State,8,Far West,Washington,186,199,208,212,263,238,243,247,244,254,262,274,289,292,310,313,336,361,380,398,423,449,453,462,4
9,Nursing Home Care ($),State,5,Southeast,West Virginia,187,201,214,221,242,260,276,295,301,311,325,335,358,389,433,453,493,503,507,510,518,521,529,539,4.7
9,Nursing Home Care ($),State,3,Great Lakes,Wisconsin,261,268,282,288,309,327,347,356,353,367,386,386,407,421,440,451,475,490,509,520,527,541,538,553,3.3
9,Nursing Home Care ($),State,7,Rocky Mountains,Wyoming,141,149,165,195,206,210,211,212,209,220,244,249,266,283,305,309,323,335,349,361,377,387,390,385,4.4
10,"Other Health, Residential, and Personal Care ($)",United States,0,United States,,108,115,129,142,156,171,183,202,212,227,246,267,284,305,322,339,360,377,402,417,422,443,456,475,6.6
10,"Other Health, Residential, and Personal Care ($)",Region,1,New England,,190,193,220,252,291,314,316,364,383,405,426,473,491,534,561,595,640,684,759,761,728,773,797,800,6.5
10,"Other Health, Residential, and Personal Care ($)",Region,2,Mideast,,157,185,207,227,243,270,295,326,350,369,395,429,477,498,529,572,595,615,660,701,728,714,700,744,7
10,"Other Health, Residential, and Personal Care ($)",Region,3,Great Lakes,,117,124,133,141,156,171,184,199,197,215,240,258,275,293,312,310,320,330,348,365,368,384,396,410,5.6
10,"Other Health, Residential, and Personal Care ($)",Region,4,Plains,,148,134,155,180,199,220,229,262,274,298,328,366,389,410,416,425,446,468,493,506,513,536,563,578,6.1
10,"Other Health, Residential, and Personal Care ($)",Region,5,Southeast,,71,80,92,103,114,123,133,144,152,166,183,194,202,222,234,246,276,295,315,321,321,331,336,347,7.2
10,"Other Health, Residential, and Personal Care ($)",Region,6,Southwest,,82,78,90,99,109,124,141,154,162,172,179,199,211,224,239,257,269,287,299,309,298,292,318,339,6.4
10,"Other Health, Residential, and Personal Care ($)",Region,7,Rocky Mountains,,106,103,117,124,134,151,148,166,173,192,211,223,237,254,261,272,285,300,316,330,318,342,344,350,5.3
10,"Other Health, Residential, and Personal Care ($)",Region,8,Far West,,76,79,86,94,102,111,120,129,142,148,162,180,188,213,228,247,268,277,300,313,335,418,457,480,8.3
10,"Other Health, Residential, and Personal Care ($)",State,5,Southeast,Alabama,61,71,76,82,92,99,138,113,115,138,144,163,187,200,215,223,254,273,273,284,314,303,309,324,7.6
10,"Other Health, Residential, and Personal Care ($)",State,8,Far West,Alaska,97,84,96,106,123,149,161,187,206,243,295,354,402,402,468,460,499,543,555,610,666,779,800,797,9.6
10,"Other Health, Residential, and Personal Care ($)",State,6,Southwest,Arizona,86,77,82,88,98,104,110,124,135,133,145,163,187,214,239,290,316,348,386,409,329,313,322,347,6.3
10,"Other Health, Residential, and Personal Care ($)",State,5,Southeast,Arkansas,78,93,103,119,131,142,152,164,183,194,195,194,191,239,268,282,303,322,362,461,490,515,567,635,9.6
10,"Other Health, Residential, and Personal Care ($)",State,8,Far West,California,69,72,78,86,94,101,111,115,125,128,141,160,169,200,213,237,260,264,284,294,324,434,471,495,9
10,"Other Health, Residential, and Personal Care ($)",State,7,Rocky Mountains,Colorado,116,116,126,139,152,167,161,179,183,197,209,218,232,249,249,251,261,277,296,292,300,323,304,290,4.1
10,"Other Health, Residential, and Personal Care ($)",State,1,New England,Connecticut,200,223,250,281,310,316,325,364,400,418,413,458,419,508,488,541,543,657,839,810,666,779,775,790,6.2
10,"Other Health, Residential, and Personal Care ($)",State,2,Mideast,Delaware,108,132,147,174,184,204,214,242,250,266,267,282,357,408,397,403,399,412,428,437,477,496,544,591,7.7
10,"Other Health, Residential, and Personal Care ($)",State,2,Mideast,District of Columbia,285,348,407,411,389,381,414,461,469,504,517,506,502,559,583,473,501,465,542,1030,1056,984,997,1098,6
10,"Other Health, Residential, and Personal Care ($)",State,5,Southeast,Florida,64,72,86,100,109,116,116,123,134,148,174,177,186,187,191,202,219,230,234,242,220,230,244,254,6.2
10,"Other Health, Residential, and Personal Care ($)",State,5,Southeast,Georgia,47,53,60,69,75,82,91,96,100,104,114,134,134,176,160,149,208,172,177,177,187,225,251,259,7.7
10,"Other Health, Residential, and Personal Care ($)",State,8,Far West,Hawaii,49,45,53,66,80,64,68,80,96,108,119,133,157,178,188,173,233,234,188,167,163,165,162,174,5.6
10,"Other Health, Residential, and Personal Care ($)",State,7,Rocky Mountains,Idaho,83,78,87,90,95,107,122,146,157,189,217,229,234,261,280,282,309,319,333,442,295,332,364,383,6.8
10,"Other Health, Residential, and Personal Care ($)",State,3,Great Lakes,Illinois,113,123,134,139,152,172,190,211,213,228,251,279,283,300,339,334,351,353,367,402,392,413,452,439,6.1
10,"Other Health, Residential, and Personal Care ($)",State,3,Great Lakes,Indiana,121,123,130,136,139,145,155,172,170,184,205,233,268,290,284,291,298,322,341,344,341,340,349,372,5
10,"Other Health, Residential, and Personal Care ($)",State,4,Plains,Iowa,155,154,173,190,211,229,248,275,278,298,314,335,361,384,408,435,446,465,508,542,549,563,593,616,6.2
10,"Other Health, Residential, and Personal Care ($)",State,4,Plains,Kansas,112,90,106,127,144,176,206,252,282,306,329,352,337,368,386,395,401,400,427,406,418,421,454,417,5.9
10,"Other Health, Residential, and Personal Care ($)",State,5,Southeast,Kentucky,55,59,69,70,76,86,101,124,133,155,171,185,200,227,250,278,306,322,358,402,392,399,406,477,9.8
10,"Other Health, Residential, and Personal Care ($)",State,5,Southeast,Louisiana,152,180,201,209,207,209,219,236,241,248,248,259,279,310,326,359,394,444,457,501,483,503,493,479,5.1
10,"Other Health, Residential, and Personal Care ($)",State,1,New England,Maine,214,174,209,224,259,318,352,463,533,569,632,759,822,917,956,982,993,1062,1095,1031,1013,965,994,1100,7.4
10,"Other Health, Residential, and Personal Care ($)",State,2,Mideast,Maryland,82,96,105,116,132,162,161,168,171,184,188,197,234,241,260,313,323,340,381,423,423,441,457,482,8
10,"Other Health, Residential, and Personal Care ($)",State,1,New England,Massachusetts,197,189,213,255,304,322,312,353,354,376,396,432,471,474,531,569,639,654,699,721,729,764,787,774,6.1
10,"Other Health, Residential, and Personal Care ($)",State,3,Great Lakes,Michigan,112,104,117,130,148,163,200,191,166,173,185,186,192,190,218,222,220,230,241,263,280,300,291,273,3.9
10,"Other Health, Residential, and Personal Care ($)",State,4,Plains,Minnesota,256,206,236,284,309,330,322,370,385,419,484,565,646,665,643,646,694,726,737,760,757,785,800,867,5.4
10,"Other Health, Residential, and Personal Care ($)",State,5,Southeast,Mississippi,47,62,70,74,82,91,114,121,141,163,197,218,219,258,258,272,288,320,346,379,399,409,411,452,10.3
10,"Other Health, Residential, and Personal Care ($)",State,4,Plains,Missouri,85,90,109,129,144,162,170,192,199,215,232,251,249,263,273,278,290,313,333,335,357,386,429,413,7.1
10,"Other Health, Residential, and Personal Care ($)",State,7,Rocky Mountains,Montana,100,129,143,149,147,171,154,165,169,203,235,218,249,271,296,306,324,363,380,424,434,482,503,546,7.7
10,"Other Health, Residential, and Personal Care ($)",State,4,Plains,Nebraska,83,80,92,99,111,133,152,173,185,211,234,263,274,286,302,313,322,343,380,396,364,390,401,412,7.2
10,"Other Health, Residential, and Personal Care ($)",State,8,Far West,Nevada,55,58,57,57,64,69,74,82,89,103,112,128,124,123,130,135,134,137,156,190,198,205,217,244,6.7
10,"Other Health, Residential, and Personal Care ($)",State,1,New England,New Hampshire,92,99,122,150,171,216,202,239,220,241,242,257,258,293,320,340,366,406,437,455,479,557,615,571,8.3
10,"Other Health, Residential, and Personal Care ($)",State,2,Mideast,New Jersey,97,86,96,119,132,151,170,176,186,196,214,241,264,282,306,364,351,375,392,412,454,439,413,478,7.2
10,"Other Health, Residential, and Personal Care ($)",State,6,Southwest,New Mexico,88,71,86,105,135,171,166,167,170,190,207,245,276,342,393,429,416,426,399,409,363,364,361,354,6.2
10,"Other Health, Residential, and Personal Care ($)",State,2,Mideast,New York,198,236,271,296,322,354,389,434,472,489,525,578,648,675,709,766,820,839,906,940,969,930,908,936,7
10,"Other Health, Residential, and Personal Care ($)",State,5,Southeast,North Carolina,85,88,111,124,140,158,172,193,198,214,224,237,245,264,288,340,369,414,453,388,369,341,293,267,5.1
10,"Other Health, Residential, and Personal Care ($)",State,4,Plains,North Dakota,207,220,233,246,257,276,276,312,326,373,382,412,416,455,471,490,509,552,599,681,721,743,762,811,6.1
10,"Other Health, Residential, and Personal Care ($)",State,3,Great Lakes,Ohio,111,134,137,147,164,174,170,197,205,231,259,287,327,351,356,355,368,382,413,445,435,457,466,542,7.2
10,"Other Health, Residential, and Personal Care ($)",State,6,Southwest,Oklahoma,97,103,112,132,146,160,167,190,200,214,240,261,247,262,276,305,327,356,372,358,361,366,370,359,5.9
10,"Other Health, Residential, and Personal Care ($)",State,8,Far West,Oregon,143,157,176,187,202,220,218,253,289,304,339,358,365,383,402,421,439,465,547,573,595,583,684,793,7.7
10,"Other Health, Residential, and Personal Care ($)",State,2,Mideast,Pennsylvania,160,203,219,234,242,264,290,327,352,382,411,438,473,494,533,554,560,585,619,665,692,702,689,747,6.9
10,"Other Health, Residential, and Personal Care ($)",State,1,New England,Rhode Island,220,272,310,305,355,393,418,495,533,548,608,663,695,767,801,830,908,895,900,910,891,869,911,888,6.3
10,"Other Health, Residential, and Personal Care ($)",State,5,Southeast,South Carolina,92,117,128,126,135,148,159,185,202,215,248,243,236,260,257,247,246,278,270,274,271,280,262,288,5.1
10,"Other Health, Residential, and Personal Care ($)",State,4,Plains,South Dakota,118,126,142,174,190,210,205,220,226,234,246,278,267,298,325,330,371,391,409,423,431,457,454,468,6.2
10,"Other Health, Residential, and Personal Care ($)",State,5,Southeast,Tennessee,58,62,68,83,114,117,128,150,151,168,194,207,217,241,284,278,328,334,366,347,359,381,395,391,8.7
10,"Other Health, Residential, and Personal Care ($)",State,6,Southwest,Texas,78,74,88,96,103,118,142,154,162,173,175,193,205,211,220,227,236,250,258,269,275,271,305,333,6.5
10,"Other Health, Residential, and Personal Care ($)",State,7,Rocky Mountains,Utah,112,88,109,103,113,130,129,143,155,170,196,217,226,234,240,270,278,285,294,283,296,315,336,361,5.2
10,"Other Health, Residential, and Personal Care ($)",State,1,New England,Vermont,139,145,179,210,245,285,277,307,338,390,448,499,535,586,531,470,566,573,662,720,709,725,810,837,8.1
10,"Other Health, Residential, and Personal Care ($)",State,5,Southeast,Virginia,51,57,65,76,83,93,96,106,115,131,136,150,151,165,185,203,232,293,337,356,388,393,412,420,9.6
10,"Other Health, Residential, and Personal Care ($)",State,8,Far West,Washington,91,86,95,99,107,126,134,154,173,187,193,197,198,211,236,243,253,278,302,317,302,336,372,346,6
10,"Other Health, Residential, and Personal Care ($)",State,5,Southeast,West Virginia,100,106,137,187,214,235,244,272,274,287,305,338,387,399,420,416,440,464,510,551,595,665,675,710,8.9
10,"Other Health, Residential, and Personal Care ($)",State,3,Great Lakes,Wisconsin,141,139,153,163,180,205,204,222,229,264,318,305,306,351,365,346,353,355,372,322,362,365,367,363,4.2
10,"Other Health, Residential, and Personal Care ($)",State,7,Rocky Mountains,Wyoming,67,77,108,134,149,182,188,207,211,229,248,295,321,343,362,392,398,417,431,419,441,440,420,416,8.2
